名稱,來源平台,提供機關,格式,資源數,授權,最後更新,ODPortal,原始網址,分級,資源總數,已探測資源,最大記錄數,檔案類欄位,實際型態,合併筆數,合併來源,分級未涵蓋新增資源
原住民族相關博物館,政府開放資料平臺,,CSV;JSON;XML,3,OGDL-1.0,2026/4/5 下午 04:48:30,https://odportal.tw/dataset/-2kosR3f,https://data.gov.tw/dataset/164266,連結殼,3,2,110.0,網址,json;text,1,-2kosR3f,False
112年現住原住民人口數按性別、年齡及原住民身分分,政府開放資料平臺,,CSV;JSON,12,OGDL-1.0,2025/12/30 下午 02:44:49,https://odportal.tw/dataset/-2xZhuU7,https://data.gov.tw/dataset/161427,真資料,12,2,344.0,,json;text,1,-2xZhuU7,False
30220-09-02-2 臺中市原住民族綜合發展基金貸款統計,政府開放資料平臺;臺中市政府,臺中市政府原住民族事務委員會,CSV;JSON;XML,29,OGDL-1.0,2026/7/31 上午 05:30:36,https://odportal.tw/dataset/-4iktwLd,https://opendata.taichung.gov.tw/search/bf028e5c-6e52-4aa1-8a7c-caba83ccfa54,真資料,29,3,6.0,,json,2,-4iktwLd;lv3OgCC7,True
109年現住人口數按性別及原住民身分分,臺南市政府,臺南市政府民政局,CSV;JSON,24,OGDL-1.0,2026/5/4 上午 10:51:51,https://odportal.tw/dataset/-811jS8N,https://data.tainan.gov.tw/DataSet/Detail/7feef5c3-c844-4b89-bafa-2b4c2375525d,真資料,24,2,114.0,,html;text,1,-811jS8N,False
臺北市經濟弱勢原住民家庭建購或修繕住宅補助統計,政府開放資料平臺,,CSV,1,OGDL-1.0,2025/12/12 下午 03:35:28,https://odportal.tw/dataset/-Af2yH3P,https://data.gov.tw/dataset/134702,真資料,1,1,9.0,,text,1,-Af2yH3P,False
原住民族家庭經濟戶長就業情形依年齡,政府開放資料平臺,,CSV;JSON;XML,3,OGDL-1.0,2026/4/5 下午 04:59:04,https://odportal.tw/dataset/-DclpJUx,https://data.gov.tw/dataset/145190,真資料,3,2,11.0,,json;text,1,-DclpJUx,False
110年現住原住民人口數按性別、年齡及原住民身分分,臺南市政府,臺南市政府民政局,CSV;JSON,24,OGDL-1.0,2026/5/4 上午 10:51:51,https://odportal.tw/dataset/-IlTgSY_,https://data.tainan.gov.tw/DataSet/Detail/57819f1b-0f92-4af3-8487-9b9b4cc9be71,真資料,24,2,344.0,,html;text,1,-IlTgSY_,False
桃園市原住民族社會工作人員專職人員每年統計,政府開放資料平臺;桃園市政府,主計處,CSV,1,OGDL-1.0,2026/8/5 上午 10:02:41,https://odportal.tw/dataset/hNHTAsGr,https://opendata.tycg.gov.tw/datalist/2a33618f-b748-4040-aaff-fecfe56d8622,真資料,1,1,16.0,,text,2,-NQ1L_9h;hNHTAsGr,False
新北市原住民族別人數排行榜統計表,政府開放資料平臺,,CSV,1,OGDL-1.0,2025/12/1 上午 11:40:18,https://odportal.tw/dataset/-Sn81QwG,https://data.gov.tw/dataset/124568,真資料,1,1,2.0,,text,1,-Sn81QwG,False
原住民族勞動力參與情形-按地區別分,政府開放資料平臺,,CSV;JSON;XML,3,OGDL-1.0,2026/4/5 下午 05:08:23,https://odportal.tw/dataset/-VZO-KTP,https://data.gov.tw/dataset/161523,真資料,3,2,416.0,,json;text,1,-VZO-KTP,False
高雄市原住民族產業工坊名單,政府開放資料平臺,,JSON,1,OGDL-1.0,2025/6/30 下午 02:27:05,https://odportal.tw/dataset/-VZdojf-,https://data.gov.tw/dataset/128098,真資料,1,1,56.0,,json,1,-VZdojf-,False
臺北市各級學校原住民學生數,政府開放資料平臺,,CSV,1,OGDL-1.0,2025/12/12 下午 03:34:49,https://odportal.tw/dataset/-X4mTWvl,https://data.gov.tw/dataset/134664,真資料,1,1,11.0,,text,1,-X4mTWvl,False
10411-01-44-2 臺中市國中原住民學生統計,政府開放資料平臺;臺中市政府,臺中市政府教育局,CSV;JSON;XML,23,OGDL-1.0,2026/8/10 上午 04:18:00,https://odportal.tw/dataset/-XkRl6Hu,https://opendata.taichung.gov.tw/search/240fb25c-d5da-4754-95aa-9c53c5878014,真資料,23,3,102.0,,json,2,-XkRl6Hu;9gto0LSI,True
補助原住民族長者裝置假牙實施計畫醫療院所,政府開放資料平臺,,CSV;JSON;XML,3,OGDL-1.0,2026/4/5 下午 05:01:08,https://odportal.tw/dataset/-a1vZeKR,https://data.gov.tw/dataset/174217,真資料,3,2,1777.0,,json;text,1,-a1vZeKR,False
新北市各區區公所原住民服務窗口,新北市政府,新北市政府原住民族行政局/秘書室,CSV,1,OGDL-1.0,2025/12/1 上午 11:40:47,https://odportal.tw/dataset/-gAWRoiT,https://data.ntpc.gov.tw/datasets/e5bef801-73f7-4074-82df-2df430a08af6,HTML殼,1,1,,,html,1,-gAWRoiT,False
臺北市原住民急難救助統計,臺北市政府,原民會,CSV,1,,2026/6/17 上午 11:57:21,https://odportal.tw/dataset/-lnSrsXf,https://data.taipei/dataset/detail?id=79724756-c80f-49ab-8987-d7f8771401fe,網址無效,1,1,,,,1,-lnSrsXf,False
111年直轄市山地原住民區民代表選舉政治獻金會計報告書(首次申報),政府開放資料平臺,,ZIP,2,OGDL-1.0,2023/5/18 下午 02:25:32,https://odportal.tw/dataset/-rzJdDTW,https://data.gov.tw/dataset/162467,二進位,2,2,,,zip,1,-rzJdDTW,False
113學年度連江縣國民小學原住民學生數,政府開放資料平臺,,ODS,1,OGDL-1.0,2025/6/23 上午 09:50:17,https://odportal.tw/dataset/-tI7D5JO,https://data.gov.tw/dataset/173840,二進位,1,1,,,zip,1,-tI7D5JO,False
臺北市15歲以上原住民之教育程度,臺北市政府,主計處,CSV,1,,2026/3/18 上午 09:34:36,https://odportal.tw/dataset/0EWonvzr,https://data.taipei/dataset/detail?id=add2c7b2-fa14-40be-a522-709fd8350dc7,網址無效,1,1,,,,1,0EWonvzr,False
臺北市原住民學生專門人才獎勵情形,臺北市政府,原民會,CSV,1,,2026/6/17 上午 11:57:23,https://odportal.tw/dataset/0I7xWvNw,https://data.taipei/dataset/detail?id=b2907c78-ccfd-4888-8078-49cd140aea75,網址無效,1,1,,,,1,0I7xWvNw,False
高雄市現住原住民婚姻狀況,高雄市政府,主計處,CSV;JSON,2,OGDL-1.0,2025/6/30 下午 09:06:28,https://odportal.tw/dataset/0MCknJ3F,https://data.kcg.gov.tw/DataSet/Detail/857c04e8-0442-473d-a8d8-53b3d81ff5e6,真資料,2,2,14.0,,json;text,1,0MCknJ3F,False
高雄市原住民戶數,高雄市政府,主計處,CSV;JSON,2,OGDL-1.0,2025/6/30 下午 09:05:06,https://odportal.tw/dataset/0SfugieV,https://data.kcg.gov.tw/DataSet/Detail/91b5ffe1-0173-4489-90f5-ac45eeb7cd37,真資料,2,2,14.0,,json;text,1,0SfugieV,False
原住民族教育調查統計之各級學校全體及原住民學生人數摘要表,政府開放資料平臺,,CSV;JSON;XML,3,OGDL-1.0,2026/4/5 下午 05:07:25,https://odportal.tw/dataset/0Tp-HbiJ,https://data.gov.tw/dataset/170580,真資料,3,2,57.0,,json;text,1,0Tp-HbiJ,False
原住民教育調查統計之具原住民身分教師及族語老師通過族語認證調查依族別統計,政府開放資料平臺,,CSV;JSON;XML,3,OGDL-1.0,2026/4/5 下午 05:07:38,https://odportal.tw/dataset/0XPUNgFz,https://data.gov.tw/dataset/170582,真資料,3,2,35.0,,json;text,1,0XPUNgFz,False
10420-01-09-2 臺中市國民小學原住民教師數,政府開放資料平臺;臺中市政府,臺中市政府教育局,CSV;JSON;XML,11,OGDL-1.0,2026/8/11 下午 12:58:18,https://odportal.tw/dataset/0iXY4c7W,https://opendata.taichung.gov.tw/search/80670950-8ccf-45bc-af21-061f9ef8989d,真資料,11,3,102.0,,json,2,0iXY4c7W;Tlk_4GfA,False
原住民族委員會原住民族文化發展中心單位預算,政府開放資料平臺,,CSV;JSON;XML,3,OGDL-1.0,2026/4/3 上午 12:35:47,https://odportal.tw/dataset/0xsPSwha,https://data.gov.tw/dataset/158769,連結殼,3,2,11.0,網址,json;text,1,0xsPSwha,False
桃園市政府所屬機關學校原住民族人員進用情形(非原住民族地區),政府開放資料平臺;桃園市政府,人事處,CSV;JSON;XML,6,OGDL-1.0,2026/7/6 上午 10:21:40,https://odportal.tw/dataset/17h0acbo,https://opendata.tycg.gov.tw/datalist/ddc22ab1-1d56-4668-bdee-cb5d12fb4f22,真資料,6,2,3.0,,text,2,17h0acbo;SFEsjTjP,True
澎湖縣馬公市106年各里現住人口數按性別及原住民身分分,澎湖縣政府,馬公戶政事務所,CSV;JSON;XML,3,UNKNOWN,2023/3/10 上午 02:26:27,https://odportal.tw/dataset/1DYhSQIg,http://opendata.penghu.gov.tw/dataset/pwq7407-2017-07-07-1499396019,真資料,3,2,1224.0,,json;text,1,1DYhSQIg,False
新竹縣各年度原住民鄉鎮辦理調解業務概況,新竹縣政府,葉女士,CSV;JSON;XLSX;XML,4,,2026/4/22 上午 12:00:00,https://odportal.tw/dataset/1I6piAy0,https://www.hsinchu.gov.tw/OpenDataDetail.aspx?n=1&s=44,真資料,4,2,57.0,,json;zip,1,1I6piAy0,False
107年現住人口數按性別及原住民身分分,臺南市政府,臺南市政府民政局,CSV;JSON,24,OGDL-1.0,2026/5/4 上午 10:53:33,https://odportal.tw/dataset/1JTtLD6Q,https://data.tainan.gov.tw/DataSet/Detail/32b4424f-1226-4620-ab2b-abf08cbfd54b,真資料,24,2,114.0,,html;text,1,1JTtLD6Q,False
30220-09-01-2 臺中市輔導原住民職業訓練及就業服務統計,政府開放資料平臺;臺中市政府,臺中市政府原住民族事務委員會,CSV;JSON;XML,182,OGDL-1.0,2026/8/10 下午 11:10:08,https://odportal.tw/dataset/1Pbdw_hR,https://opendata.taichung.gov.tw/search/2be18383-a576-4ba9-b00f-dbd2d5e05a50,真資料,182,2,13.0,,json,2,1Pbdw_hR;42CBXDhy,False
原住民族教育調查統計之大專校院原住民學生資源中心設置情形,政府開放資料平臺,,CSV;JSON;XML,3,OGDL-1.0,2026/4/5 下午 05:07:18,https://odportal.tw/dataset/1eGqRJQK,https://data.gov.tw/dataset/170579,真資料,3,2,10.0,,json;text,1,1eGqRJQK,False
113年澎湖縣馬公市各里現住人口數按性別及原住民身分分,澎湖縣政府,馬公戶政事務所,CSV;JSON;XML,3,UNKNOWN,2025/2/8 上午 02:22:37,https://odportal.tw/dataset/1fOnTqBi,http://opendata.penghu.gov.tw/dataset/ka10000-2024-02-06-1707209580,真資料,3,2,1224.0,,json;text,1,1fOnTqBi,False
10122-00-08-2 臺中市各區 十五歲以上現住原住民人口數按性別、年齡、原住民身分及教育程度分,政府開放資料平臺;臺中市政府,臺中市政府民政局,CSV;JSON;XML,16,OGDL-1.0,2026/8/10 下午 11:14:21,https://odportal.tw/dataset/1rewJsjX,https://opendata.taichung.gov.tw/search/7906bfc3-efaf-491e-bbdb-cd61866fedaa,真資料,16,3,495.0,,json,2,1rewJsjX;I7pcln5i,True
原住民人口按性別、年齡、原住民身分及婚姻狀況,政府開放資料平臺,,API;CSV;JSON,11,OGDL-1.0,2025/12/15 下午 08:35:27,https://odportal.tw/dataset/1tCkZG8X,https://data.gov.tw/dataset/14303,真資料,11,2,607.0,,text,1,1tCkZG8X,False
臺南市高級中學原住民學生數,政府開放資料平臺,,CSV;JSON,10,OGDL-1.0,2025/8/20 上午 11:43:51,https://odportal.tw/dataset/1yrap8wV,https://data.gov.tw/dataset/152467,真資料,10,2,3.0,,json,1,1yrap8wV,False
澎湖縣西嶼鄉原住民統計(113年起),澎湖縣政府,西嶼戶政事務所,CSV;JSON;XML,3,UNKNOWN,2026/7/1 上午 03:02:44,https://odportal.tw/dataset/225UbkIN,http://opendata.penghu.gov.tw/dataset/376561504a-2025-03-21-1742542877,真資料,3,2,35.0,,json;text,1,225UbkIN,False
變更梨山風景特定區計畫(梨山地區)(部分住宅區、商業區及保護區為原住民生活專用區)(配合松茂部落遷建計畫)案,政府開放資料平臺;臺中市政府,臺中市政府都市發展局,CSV;JSON,3,OGDL-1.0,2026/8/7 下午 01:42:54,https://odportal.tw/dataset/25LEtmGy,https://opendata.taichung.gov.tw/search/1be323f3-c696-4918-9fd3-56b463679f6a,連結殼,3,2,4.0,公告書網址,json;text,2,25LEtmGy;T7Tvdgwd,False
10730-09-01-2 臺中市原住民權益及福利宣導統計,政府開放資料平臺;臺中市政府,臺中市政府原住民族事務委員會,CSV;JSON;XML,183,OGDL-1.0,2026/8/10 下午 11:33:16,https://odportal.tw/dataset/2MmXeofZ,https://opendata.taichung.gov.tw/search/5f63216f-29e2-40fc-b4de-d40868fb13a5,真資料,183,3,9.0,,json,2,2MmXeofZ;x6AckSb-,False
109年度宜蘭縣原住民族家庭服務中心,政府開放資料平臺,,CSV,1,OGDL-1.0,2026/7/18 上午 01:07:22,https://odportal.tw/dataset/2QEwp92Y,https://data.gov.tw/dataset/134454,失效,1,1,,,,1,2QEwp92Y,False
中老年慢性病宣導教材原住民語翻譯稿件(排灣族),政府開放資料平臺,,PDF,1,OGDL-1.0,2026/4/13 上午 10:50:53,https://odportal.tw/dataset/2SqD0veV,https://data.gov.tw/dataset/177387,二進位,1,1,,,pdf,1,2SqD0veV,False
各里現住原住民人口數按性別、年齡及原住民身分分,政府開放資料平臺,,CSV;JSON,12,OGDL-1.0,2025/12/30 下午 02:49:35,https://odportal.tw/dataset/2cc65mRO,https://data.gov.tw/dataset/163920,真資料,12,2,977.0,,json;text,1,2cc65mRO,False
桃園市原住民族人口數按身分別(平地及山地)分每年統計,政府開放資料平臺;桃園市政府,主計處,CSV,1,OGDL-1.0,2026/8/3 上午 10:55:06,https://odportal.tw/dataset/2fkfF2GR,https://opendata.tycg.gov.tw/datalist/b2900148-270b-432e-8765-3c4434470bb6,真資料,1,1,22.0,,text,2,2fkfF2GR;lv4yhwne,False
原住民族就業者從業身分-按人口特性分,政府開放資料平臺,,CSV;JSON;XML,3,OGDL-1.0,2026/4/5 下午 05:13:47,https://odportal.tw/dataset/2mErojtu,https://data.gov.tw/dataset/161546,真資料,3,2,302.0,,json;text,1,2mErojtu,False
臺中市政府原住民族事務委員會中程施政計畫,政府開放資料平臺;臺中市政府,臺中市政府原住民族事務委員會,PDF,4,OGDL-1.0,2026/8/11 上午 06:09:46,https://odportal.tw/dataset/3-T24RI4,https://opendata.taichung.gov.tw/search/4d0af11e-6f9c-4ff5-958f-0d24102c87ab,二進位,4,2,,,pdf,2,3-T24RI4;LXpoeek0,False
臺北市都市原住民家庭租屋補貼,臺北市政府,原民會,CSV,1,,2025/10/9 上午 11:18:09,https://odportal.tw/dataset/38Qj4r-R,https://data.taipei/dataset/detail?id=348c9da4-a863-4840-8c08-a8a9b6d8be41,網址無效,1,1,,,,1,38Qj4r-R,False
臺北市特殊教育學校原住民學生數,臺北市政府,教育局,CSV,1,,2026/6/18 上午 11:10:32,https://odportal.tw/dataset/3Bpdzl4P,https://data.taipei/dataset/detail?id=124d0dec-5ef6-4a3a-8a32-2c661d79e8c7,網址無效,1,1,,,,1,3Bpdzl4P,False
臺中市原住民低收入戶及中低收入戶補助項目補助項目,政府開放資料平臺;臺中市政府,臺中市政府原住民族事務委員會,CSV;XML,3,OGDL-1.0,2026/8/11 上午 09:02:07,https://odportal.tw/dataset/3E_av9uB,https://opendata.taichung.gov.tw/search/82bc7ec3-75cd-4826-b1ab-010dbf54cd99,連結殼,3,2,2.0,網址,text,2,3E_av9uB;Ln8rqweK,False
原住民平均餘命－按原住民別、單一年齡別,政府開放資料平臺,,CSV,1,OGDL-1.0,2026/3/18 下午 03:39:30,https://odportal.tw/dataset/3M_HsE2l,https://data.gov.tw/dataset/14253,真資料,1,1,273.0,,text,1,3M_HsE2l,False
10411-01-46-2 臺中市國民中學補習學校原住民學生數,政府開放資料平臺;臺中市政府,臺中市政府教育局,CSV;JSON;XML,19,OGDL-1.0,2026/8/11 上午 04:30:18,https://odportal.tw/dataset/3PKPmmEV,https://opendata.taichung.gov.tw/search/3f94ea6a-f79a-41fb-a23b-b32e730f5456,真資料,19,3,136.0,,json,2,3PKPmmEV;iaFmAtJ-,True
臺中市原住民文化健康站資訊,政府開放資料平臺;臺中市政府,臺中市政府原住民族事務委員會,CSV;XML,3,OGDL-1.0,2026/8/10 上午 01:30:34,https://odportal.tw/dataset/3Py8JOug,https://opendata.taichung.gov.tw/search/8a7f1a53-fee9-439d-b0c9-2a9be57c56b2,真資料,3,2,24.0,,json;text,2,3Py8JOug;JMsJF9Sw,False
現住原住民人口按性別、年齡（新增區域代碼）,政府開放資料平臺,,JSON;ZIP,47,OGDL-1.0,2026/7/13 上午 09:48:03,https://odportal.tw/dataset/3Ukl8ECv,https://data.gov.tw/dataset/77129,二進位,47,2,,,zip,1,3Ukl8ECv,False
10720-01-02-2 臺中市原住民低收入戶數及人數,政府開放資料平臺;臺中市政府,臺中市政府社會局,CSV;JSON;XML,3,OGDL-1.0,2026/8/11 上午 03:50:22,https://odportal.tw/dataset/VeuTwgUo,https://opendata.taichung.gov.tw/search/f3bde851-c365-44c9-aa66-95990318d712,真資料,3,2,12.0,,json;text,2,3W0LLUri;VeuTwgUo,False
新北市原民團體資料,新北市政府,新北市政府原住民族行政局/秘書室,XLSX,1,OGDL-1.0,2025/12/29 下午 01:43:02,https://odportal.tw/dataset/3bodFy5Q,https://data.ntpc.gov.tw/datasets/7718c478-8c01-4570-8b12-643da2285dec,HTML殼,1,1,,,html,1,3bodFy5Q,False
原住民族語教材教具,政府開放資料平臺,,CSV;JSON;XML,3,OGDL-1.0,2026/4/5 下午 05:07:02,https://odportal.tw/dataset/3drlPb0W,https://data.gov.tw/dataset/170575,真資料,3,2,103.0,,json;text,1,3drlPb0W,False
桃園市原住民族聚落,政府開放資料平臺;桃園市政府,原住民族行政局,CSV,1,OGDL-1.0,2026/7/5 上午 10:14:19,https://odportal.tw/dataset/e2WgFJXh,https://opendata.tycg.gov.tw/datalist/dd6455c8-316a-4c24-9126-217937f4615e,真資料,1,1,2.0,,text,2,3ecKwdjK;e2WgFJXh,False
原住民退除役官兵人數按縣市及性別分,政府開放資料平臺,,CSV,2,OGDL-1.0,2026/5/27 下午 03:02:15,https://odportal.tw/dataset/3hY1nq8M,https://data.gov.tw/dataset/172156,真資料,2,2,308.0,,text,1,3hY1nq8M,False
原住民族進用統計表,臺南市政府,臺南市政府人事處,CSV;JSON,8,OGDL-1.0,2025/12/26 上午 09:26:36,https://odportal.tw/dataset/3lvH5hbT,https://data.tainan.gov.tw/DataSet/Detail/1ca10593-f015-462b-ad98-990321731c29,真資料,8,2,3.0,,html;text,1,3lvH5hbT,False
107年現住原住民人口數按性別、年齡及原住民身分分,政府開放資料平臺,,CSV;JSON,12,OGDL-1.0,2025/12/30 下午 12:07:37,https://odportal.tw/dataset/3yKNPf-T,https://data.gov.tw/dataset/111858,真資料,12,2,344.0,,json;text,1,3yKNPf-T,False
原住民族委員會前瞻基礎建設計畫會計月報,政府開放資料平臺,,CSV;JSON;XML,3,OGDL-1.0,2026/4/3 上午 01:42:15,https://odportal.tw/dataset/3zTq3sOC,https://data.gov.tw/dataset/145156,連結殼,3,2,168.0,檔案pdf,json;text,1,3zTq3sOC,False
原住民族委員會部落安居作業核定明細表,政府開放資料平臺,,CSV;JSON;XML,3,OGDL-1.0,2026/4/5 下午 05:16:16,https://odportal.tw/dataset/43VdAhWt,https://data.gov.tw/dataset/137994,真資料,3,2,11.0,,json;text,1,43VdAhWt,False
原住民族有酬就業者每月主要工作收入-按人口特性分,政府開放資料平臺,,CSV;JSON;XML,3,OGDL-1.0,2026/4/5 下午 05:10:10,https://odportal.tw/dataset/460B0tuG,https://data.gov.tw/dataset/166805,真資料,3,2,60.0,,json;text,1,460B0tuG,False
大學校院原住民專班核定外加名額,政府開放資料平臺,,CSV,1,OGDL-1.0,2024/12/31 下午 05:00:04,https://odportal.tw/dataset/46LyTAQ5,https://data.gov.tw/dataset/25694,真資料,1,1,26.0,,text,1,46LyTAQ5,False
原住民族委員會原住民族文化發展中心會計報表,政府開放資料平臺,,CSV;JSON;XML,3,OGDL-1.0,2026/4/3 上午 12:34:48,https://odportal.tw/dataset/4G-JuiRt,https://data.gov.tw/dataset/138006,連結殼,3,2,132.0,檔案,json;text,1,4G-JuiRt,False
臺灣原住民族文化園區特展藝術家資料表,政府開放資料平臺,,CSV;JSON;XML,3,OGDL-1.0,2026/4/5 下午 05:10:53,https://odportal.tw/dataset/4RSTSGr9,https://data.gov.tw/dataset/161515,真資料,3,2,15.0,,json;text,1,4RSTSGr9,False
30439-90-02-2 臺中市政府所屬各機關、學校原住民人員進用情形,政府開放資料平臺;臺中市政府,臺中市政府人事處,CSV;JSON;XML,17,OGDL-1.0,2026/8/7 上午 10:37:15,https://odportal.tw/dataset/8YlIoO1C,https://opendata.taichung.gov.tw/search/1e2b70f1-a8f9-460e-aa36-413b35b01276,真資料,17,3,6.0,,json,2,4ZtdJm2z;8YlIoO1C,True
新北市各區原住民人數統計表,政府開放資料平臺,,CSV,1,OGDL-1.0,2025/12/1 上午 11:40:03,https://odportal.tw/dataset/4d73Hz2n,https://data.gov.tw/dataset/124962,真資料,1,1,29.0,,text,1,4d73Hz2n,False
原住民族委員會勞務採購案件,政府開放資料平臺,,CSV;JSON;XML,3,OGDL-1.0,2026/4/5 下午 05:11:06,https://odportal.tw/dataset/4euRsk9s,https://data.gov.tw/dataset/129534,真資料,3,2,837.0,,json;text,1,4euRsk9s,False
臺灣原住民族取用傳統姓名指引,政府開放資料平臺,,ZIP,1,OGDL-1.0,2026/6/22 下午 11:46:18,https://odportal.tw/dataset/4i2zTrRH,https://data.gov.tw/dataset/175638,二進位,1,1,,,zip,1,4i2zTrRH,False
原住民族相關法規,政府開放資料平臺,,CSV;JSON;XML,3,OGDL-1.0,2026/4/5 下午 04:45:10,https://odportal.tw/dataset/4jViH6_o,https://data.gov.tw/dataset/91509,真資料,3,2,169.0,,json;text,1,4jViH6_o,False
113年現住原住民人口數按性別、年齡及原住民身分分,臺南市政府,臺南市政府民政局,CSV;JSON,24,OGDL-1.0,2026/5/4 上午 10:51:51,https://odportal.tw/dataset/4lWLB31N,https://data.tainan.gov.tw/DataSet/Detail/b78a3060-a72a-4716-ba97-075e070f2bdd,真資料,24,2,344.0,,html;text,1,4lWLB31N,False
10122-00-04-2 臺中市各區 現住人口數按性別及原住民身分分,政府開放資料平臺;臺中市政府,臺中市政府民政局,CSV;JSON;XML,141,OGDL-1.0,2026/8/11 上午 05:14:26,https://odportal.tw/dataset/wO-n7TA1,https://opendata.taichung.gov.tw/search/e2e6d229-38d5-4b4c-9c60-9babca373fce,真資料,141,2,232.0,,json,2,4mY7XkgB;wO-n7TA1,False
原住民族人口統計-依行政區(縣市),政府開放資料平臺,,CSV;JSON;XML,3,OGDL-1.0,2026/5/21 下午 04:00:24,https://odportal.tw/dataset/4qwiJMty,https://data.gov.tw/dataset/176081,真資料,3,2,22.0,,json;text,1,4qwiJMty,False
原住民族人口統計-依族群別,政府開放資料平臺,,CSV;JSON;XML,3,OGDL-1.0,2026/5/21 下午 04:02:35,https://odportal.tw/dataset/4xOTjK7m,https://data.gov.tw/dataset/176082,真資料,3,2,17.0,,json;text,1,4xOTjK7m,False
澎湖縣西嶼鄉原住民人口年齡層統計(113年起),澎湖縣政府,西嶼戶政事務所,CSV;JSON;XML,3,UNKNOWN,2026/7/1 上午 03:02:38,https://odportal.tw/dataset/5NFGk4xK,http://opendata.penghu.gov.tw/dataset/376561504a-2025-03-21-1742542706,真資料,3,2,42.0,,json;text,1,5NFGk4xK,False
推動原住民族友善耕作加值推廣計畫核定單位一覽表,政府開放資料平臺,,CSV;JSON;XML,3,OGDL-1.0,2026/4/5 下午 04:50:15,https://odportal.tw/dataset/5Nc5VLHZ,https://data.gov.tw/dataset/150965,真資料,3,2,149.0,,json;text,1,5Nc5VLHZ,False
臺北市經濟弱勢原住民家庭建購或修繕住宅補助統計,臺北市政府,原民會,CSV,1,,2025/10/9 上午 11:18:11,https://odportal.tw/dataset/5OmQmfau,https://data.taipei/dataset/detail?id=46f7b6fc-c4f7-431d-afb4-be9b58af2d1c,網址無效,1,1,,,,1,5OmQmfau,False
原住民族部落大學辦理情形,政府開放資料平臺,,CSV;JSON;XML,3,OGDL-1.0,2026/4/5 下午 04:51:34,https://odportal.tw/dataset/5SpDpKT5,https://data.gov.tw/dataset/137694,真資料,3,2,45.0,,json;text,1,5SpDpKT5,False
新原住民族音樂專輯介紹,政府開放資料平臺,,CSV;JSON;XML,3,OGDL-1.0,2026/4/3 上午 12:18:11,https://odportal.tw/dataset/5ifQBRro,https://data.gov.tw/dataset/112699,真資料,3,2,36.0,,json;text,1,5ifQBRro,False
原住民族人口統計表-依總計性別,政府開放資料平臺,,CSV;JSON;XML,3,OGDL-1.0,2026/5/21 下午 04:00:08,https://odportal.tw/dataset/5jY-dV1j,https://data.gov.tw/dataset/176083,真資料,3,2,3.0,,json;text,1,5jY-dV1j,False
原住民性別概況─按區域別分,政府開放資料平臺,,CSV,1,OGDL-1.0,2025/12/15 下午 09:29:43,https://odportal.tw/dataset/5vhYv5aw,https://data.gov.tw/dataset/9607,真資料,1,1,299.0,,text,1,5vhYv5aw,False
原住民族就業者從事非典型就業工作的原因-按人口特性分,政府開放資料平臺,,CSV;JSON;XML,3,OGDL-1.0,2026/4/5 下午 05:14:39,https://odportal.tw/dataset/60Yy3bL0,https://data.gov.tw/dataset/174799,真資料,3,2,38.0,,json;text,1,60Yy3bL0,False
臺南市原住民場館資訊,政府開放資料平臺,,CSV;JSON,2,OGDL-1.0,2025/6/10 上午 11:51:19,https://odportal.tw/dataset/63bTrzwi,https://data.gov.tw/dataset/143072,真資料,2,2,3.0,,json;text,1,63bTrzwi,False
中央研究院原住民與身心障礙者人數統計表,政府開放資料平臺,,ODS,1,OGDL-1.0,2023/10/5 下午 06:12:02,https://odportal.tw/dataset/66efQ0tD,https://data.gov.tw/dataset/89444,二進位,1,1,,,zip,1,66efQ0tD,False
原住民族教育,政府開放資料平臺,,CSV,1,OGDL-1.0,2025/12/1 下午 05:00:47,https://odportal.tw/dataset/68HP8DaP,https://data.gov.tw/dataset/124708,真資料,1,1,19.0,,text,1,68HP8DaP,False
桃園市各區原住民族別人數每月統計(106年1月至114年10月),政府開放資料平臺;桃園市政府,民政局,CSV,91,OGDL-1.0,2026/4/7 上午 09:59:54,https://odportal.tw/dataset/6JOkF4C4,https://opendata.tycg.gov.tw/datalist/4dc4fdbb-89bc-4373-9abb-8c8b2b4566f5,真資料,91,2,26.0,,text,2,6JOkF4C4;DfJbCAFE,False
高雄市原住民就業服務站求職登記人數,高雄市政府,主計處,CSV;JSON,2,OGDL-1.0,2025/9/5 下午 04:34:43,https://odportal.tw/dataset/6Px2VLEP,https://data.kcg.gov.tw/DataSet/Detail/5deb3e59-74f6-4a9f-b544-0801fdd633df,真資料,2,2,12.0,,json;text,1,6Px2VLEP,False
107年現住原住民人口數按性別、原住民身分及族別分,政府開放資料平臺,,CSV;JSON,12,OGDL-1.0,2025/8/19 下午 02:24:19,https://odportal.tw/dataset/6Qvd0VwA,https://data.gov.tw/dataset/111859,真資料,12,2,342.0,,json;text,1,6Qvd0VwA,False
宜蘭縣108年度65歲(原住民55歲)以上老人補助裝置全口假牙「特約牙醫醫療院所」,政府開放資料平臺,,CSV,1,OGDL-1.0,2026/7/4 上午 01:03:47,https://odportal.tw/dataset/6R4bQ1y9,https://data.gov.tw/dataset/129249,失效,1,1,,,,1,6R4bQ1y9,False
10730-09-04-2 臺中市原住民低收入戶及身心障礙者統計,政府開放資料平臺;臺中市政府,臺中市政府原住民族事務委員會,CSV;JSON;XML,18,OGDL-1.0,2026/8/11 下午 01:24:13,https://odportal.tw/dataset/6XjqAsIF,https://opendata.taichung.gov.tw/search/29d37a1f-ad2b-4598-80e9-aba77ab916d3,真資料,18,4,203.0,,json,2,6XjqAsIF;npdIY_gz,False
原住民戶數、人口數按戶別及性別,政府開放資料平臺,,API;CSV;JSON,15,OGDL-1.0,2026/6/22 下午 02:29:21,https://odportal.tw/dataset/6d3FzgS_,https://data.gov.tw/dataset/14301,真資料,15,2,2500.0,,text,1,6d3FzgS_,False
原住民退除役官兵人數按退伍軍階及軍種分,政府開放資料平臺,,CSV,1,OGDL-1.0,2026/6/1 上午 09:37:50,https://odportal.tw/dataset/6mMwbXGi,https://data.gov.tw/dataset/177676,真資料,1,1,90.0,,text,1,6mMwbXGi,False
臺南市國民中學原住民學生數,政府開放資料平臺,,CSV;JSON,6,OGDL-1.0,2026/5/27 下午 02:24:44,https://odportal.tw/dataset/6oIQsyYG,https://data.gov.tw/dataset/152466,真資料,6,2,13.0,,json;text,1,6oIQsyYG,False
新竹縣各鄉鎮市現住原住民人口數按性別、原住民身分及族別分,新竹縣政府,李小姐女士,CSV;XLSX;XML,3,,2025/9/21 上午 12:00:00,https://odportal.tw/dataset/6q7SDg1X,https://www.hsinchu.gov.tw/OpenDataDetail.aspx?n=1&s=340,真資料,3,2,126.0,,xml;zip,1,6q7SDg1X,False
原住民族經濟戶長平均儲蓄金額依區域,政府開放資料平臺,,CSV;JSON;XML,3,OGDL-1.0,2026/4/5 下午 04:58:04,https://odportal.tw/dataset/6rKca7Ko,https://data.gov.tw/dataset/145223,真資料,3,2,20.0,,json;text,1,6rKca7Ko,False
原住民族就業者從業身分-按行業及職業分,政府開放資料平臺,,CSV;JSON;XML,3,OGDL-1.0,2026/4/5 下午 05:13:53,https://odportal.tw/dataset/73zD8-nQ,https://data.gov.tw/dataset/161545,真資料,3,2,232.0,,json;text,1,73zD8-nQ,False
原住民族影視音樂文化創意產業補助清冊,政府開放資料平臺,,CSV;JSON;XML,3,OGDL-1.0,2026/4/5 下午 04:55:26,https://odportal.tw/dataset/781OVJ0V,https://data.gov.tw/dataset/137776,真資料,3,2,180.0,,json;text,1,781OVJ0V,False
高雄市原住民人口數統計,高雄市政府,民政局,JSON,1,OGDL-1.0,2026/6/5 上午 09:03:03,https://odportal.tw/dataset/7CkTcKTY,https://data.kcg.gov.tw/DataSet/Detail/65a56dd0-5bfc-44af-a56c-80dd7142b092,空資料,1,1,0.0,,json,1,7CkTcKTY,False
原住民族就業者工作地區-按人口特性分,政府開放資料平臺,,CSV;JSON;XML,3,OGDL-1.0,2026/4/5 下午 05:14:54,https://odportal.tw/dataset/7Erby5I2,https://data.gov.tw/dataset/161529,真資料,3,2,304.0,,json;text,1,7Erby5I2,False
原民會主管機關公共建設維護管理機制彙整表,政府開放資料平臺,,CSV;JSON;XML,3,OGDL-1.0,2026/4/5 下午 04:54:07,https://odportal.tw/dataset/7GTCsxZp,https://data.gov.tw/dataset/129523,真資料,3,2,10.0,,json;text,1,7GTCsxZp,False
桃園市原住民身心障礙人數按障礙成因別、身心障礙類別分-每年統計,政府開放資料平臺;桃園市政府,主計處,CSV,1,OGDL-1.0,2026/7/21 上午 10:04:52,https://odportal.tw/dataset/7IOddAZi,https://opendata.tycg.gov.tw/datalist/40221668-9986-43ed-8389-c7ad31a5f15b,真資料,1,1,12.0,,text,2,7IOddAZi;oeOYyg7l,False
原住民族失業者求職找工作管道-按人口特性分,政府開放資料平臺,,CSV;JSON;XML,3,OGDL-1.0,2026/4/5 下午 05:13:30,https://odportal.tw/dataset/7R8N5XId,https://data.gov.tw/dataset/161519,真資料,3,2,321.0,,json;text,1,7R8N5XId,False
10122-00-05-2 臺中市各區 現住原住民戶數、人口數按戶別及性別分,政府開放資料平臺;臺中市政府,臺中市政府民政局,JSON,6,OGDL-1.0,2026/8/11 下午 03:45:05,https://odportal.tw/dataset/7TaZFJ4I,https://opendata.taichung.gov.tw/search/25fec714-0cb0-4d0e-8f26-82e60a548ad9,真資料,6,2,522.0,,json,2,7TaZFJ4I;vGubjXKt,False
原住民保留地建築及農林用地面積統計,政府開放資料平臺,,CSV;JSON;XML,3,OGDL-1.0,2026/4/5 下午 04:55:46,https://odportal.tw/dataset/7iICmJx3,https://data.gov.tw/dataset/164516,真資料,3,2,390.0,,json;text,1,7iICmJx3,False
臺北市原住民族學生獎學金補助情形,政府開放資料平臺,,CSV,1,OGDL-1.0,2026/6/17 上午 11:57:18,https://odportal.tw/dataset/7olhJWdp,https://data.gov.tw/dataset/134635,真資料,1,1,11.0,,text,1,7olhJWdp,False
111-112年玉山國家公園南部園區原住民狩獵自主管理機制規劃案,政府開放資料平臺,,ZIP,1,OGDL-1.0,2026/4/24 下午 03:00:01,https://odportal.tw/dataset/7tOkqVni,https://data.gov.tw/dataset/175893,二進位,1,1,,,zip,1,7tOkqVni,False
115年現住人口數按性別及原住民身分分,政府開放資料平臺,,CSV;JSON,2,OGDL-1.0,2026/7/13 上午 11:32:35,https://odportal.tw/dataset/7w38Adgm,https://data.gov.tw/dataset/176716,真資料,2,2,114.0,,json;text,1,7w38Adgm,False
嘉義市原住民團體名冊,政府開放資料平臺,,CSV,1,OGDL-1.0,2023/4/6 上午 10:59:22,https://odportal.tw/dataset/7xCzF723,https://data.gov.tw/dataset/52450,真資料,1,1,2.0,,text,1,7xCzF723,False
原住民族經濟戶長平均儲蓄金額依族別,政府開放資料平臺,,CSV;JSON;XML,3,OGDL-1.0,2026/4/5 下午 04:58:15,https://odportal.tw/dataset/84UPC1gV,https://data.gov.tw/dataset/145222,真資料,3,2,16.0,,json;text,1,84UPC1gV,False
113學年度連江縣高級中等學校原住民學生數,政府開放資料平臺,,ODS,1,OGDL-1.0,2025/6/23 上午 09:42:18,https://odportal.tw/dataset/85Xxoq_y,https://data.gov.tw/dataset/173837,二進位,1,1,,,zip,1,85Xxoq_y,False
全國原住民族運動會各縣市參賽人數統計,政府開放資料平臺,,CSV,2,OGDL-1.0,2025/11/7 下午 05:27:31,https://odportal.tw/dataset/86CDbFuI,https://data.gov.tw/dataset/41365,真資料,2,2,22.0,,text,1,86CDbFuI,False
全國原住民納保分布,政府開放資料平臺,,CSV,1,OGDL-1.0,2026/7/16 下午 01:40:39,https://odportal.tw/dataset/87lv_KLY,https://data.gov.tw/dataset/26765,真資料,1,1,5107.0,,text,1,87lv_KLY,False
10411-01-38-2 臺中市高級中等學校原住民學生數-普通科,政府開放資料平臺;臺中市政府,臺中市政府教育局,CSV;JSON;XML,20,OGDL-1.0,2026/8/7 上午 01:50:26,https://odportal.tw/dataset/8AvsFz-B,https://opendata.taichung.gov.tw/search/6b5f0051-107b-4714-a2ad-a0e666888afa,真資料,20,3,136.0,,json,2,8AvsFz-B;UJhS6ioJ,True
桃園市經濟弱勢原住民建購修繕住宅補助統計,政府開放資料平臺;桃園市政府,原住民族行政局,CSV,1,OGDL-1.0,2026/8/2 上午 10:01:19,https://odportal.tw/dataset/pSJPR1wq,https://opendata.tycg.gov.tw/datalist/1076f2dd-cb46-4a68-b946-5cee06f7de85,真資料,1,1,13.0,,text,2,8BjRf9iK;pSJPR1wq,False
原住民族地方文物館參觀人次統計,政府開放資料平臺,,CSV;JSON;XML,3,OGDL-1.0,2026/4/3 上午 01:06:45,https://odportal.tw/dataset/8GDutuJb,https://data.gov.tw/dataset/164265,真資料,3,2,2687.0,,json;text,1,8GDutuJb,False
臺北市原住民長青學苑據點,臺北市政府,原民會,CSV,1,,2026/2/11 上午 10:59:38,https://odportal.tw/dataset/8GTMOcf4,https://data.taipei/dataset/detail?id=4bc7529b-6f0a-4916-bedb-52947cba4180,網址無效,1,1,,,,1,8GTMOcf4,False
原住民族綜合發展基金附屬單位預算,政府開放資料平臺,,CSV;JSON;XML,3,OGDL-1.0,2026/4/5 下午 05:06:21,https://odportal.tw/dataset/8I2pJi_V,https://data.gov.tw/dataset/112726,連結殼,3,2,13.0,檔案pdf,json;text,1,8I2pJi_V,False
補辦增劃編原住民保留地行政院核定筆數及面積,政府開放資料平臺,,CSV;JSON;XML,3,OGDL-1.0,2026/4/5 下午 04:50:02,https://odportal.tw/dataset/8IbkkKhm,https://data.gov.tw/dataset/73709,真資料,3,2,6.0,,json;text,1,8IbkkKhm,False
108年現住人口數按性別及原住民身分分,臺南市政府,臺南市政府民政局,CSV;JSON,24,OGDL-1.0,2026/5/4 上午 10:55:13,https://odportal.tw/dataset/8MVmsFrW,https://data.tainan.gov.tw/DataSet/Detail/8c84ad06-90d6-4b55-ad6a-a8af240ad2b9,真資料,24,2,114.0,,html;text,1,8MVmsFrW,False
原住民族企業融入原住民族傳統相關作品情形-按行業別,政府開放資料平臺,,CSV;JSON;XML,3,OGDL-1.0,2026/4/5 下午 05:12:44,https://odportal.tw/dataset/8NynRBL2,https://data.gov.tw/dataset/174318,真資料,3,2,19.0,,json;text,1,8NynRBL2,False
原住民族委員會輔導取得3章1Q友善農業團體,政府開放資料平臺,,CSV;JSON;XML,3,OGDL-1.0,2026/4/5 下午 04:44:15,https://odportal.tw/dataset/8c3qC25L,https://data.gov.tw/dataset/161509,真資料,3,2,32.0,,json;text,1,8c3qC25L,False
現住原住民教育程度(88-91年),政府開放資料平臺,,CSV,1,OGDL-1.0,2026/7/18 上午 01:02:59,https://odportal.tw/dataset/8d55DuCo,https://data.gov.tw/dataset/130091,失效,1,1,,,,1,8d55DuCo,False
國民中學原住民學生及畢業生人數—按年級別與校別分,政府開放資料平臺,,CSV;JSON,6,OGDL-1.0,2026/5/7 上午 09:33:20,https://odportal.tw/dataset/8eR8Y_os,https://data.gov.tw/dataset/33509,真資料,6,2,6050.0,,text,1,8eR8Y_os,False
大專院校原住民族獎助學金各獲獎類別學生族別統計,政府開放資料平臺,,CSV;JSON;XML,3,OGDL-1.0,2026/4/5 下午 04:49:31,https://odportal.tw/dataset/8iXDWLsT,https://data.gov.tw/dataset/93932,真資料,3,2,32.0,,json;text,1,8iXDWLsT,False
108年原住民族考試(第二試),政府開放資料平臺,,ZIP,1,OGDL-1.0,2023/12/22 上午 11:19:34,https://odportal.tw/dataset/8osh6fRu,https://data.gov.tw/dataset/164821,二進位,1,1,,,zip,1,8osh6fRu,False
112年公務人員特種考試原住民族考試(第二試),政府開放資料平臺,,ZIP,1,OGDL-1.0,2023/12/15 下午 03:45:47,https://odportal.tw/dataset/92ey6H4b,https://data.gov.tw/dataset/166639,二進位,1,1,,,zip,1,92ey6H4b,False
115年現住原住民人口數按性別、原住民身分及族別分,政府開放資料平臺,,CSV;JSON,2,OGDL-1.0,2026/7/13 上午 11:55:51,https://odportal.tw/dataset/94E3LTYK,https://data.gov.tw/dataset/176714,真資料,2,2,114.0,,json;text,1,94E3LTYK,False
原住民人口按性別、年齡、原住民身分及婚姻狀況(含同婚),政府開放資料平臺,,CSV;JSON,3,OGDL-1.0,2026/3/6 下午 04:45:01,https://odportal.tw/dataset/98uepIYz,https://data.gov.tw/dataset/117989,二進位,3,2,,,zip,1,98uepIYz,False
原住民有酬就業者每月主要工作收入-按工作狀況分,政府開放資料平臺,,CSV;JSON;XML,3,OGDL-1.0,2026/3/6 上午 07:04:11,https://odportal.tw/dataset/9FCOKXn0,https://data.gov.tw/dataset/161522,真資料,3,2,203.0,,json;text,1,9FCOKXn0,False
10420-01-08-2 臺中市國民中學原住民教師數,政府開放資料平臺;臺中市政府,臺中市政府教育局,CSV;JSON;XML,10,OGDL-1.0,2026/8/11 下午 12:45:41,https://odportal.tw/dataset/E9nEhdmf,https://opendata.taichung.gov.tw/search/be476c07-340a-4a50-829e-76df91f267a8,真資料,10,3,102.0,,json,2,9_m1XqiD;E9nEhdmf,False
統計區原住民戶數統計,政府開放資料平臺,,XML,44,OGDL-1.0,2026/5/26 下午 04:05:13,https://odportal.tw/dataset/9dSnxir2,https://data.gov.tw/dataset/18651,真資料,44,2,1260.0,,xml,1,9dSnxir2,False
原住民平均餘命統計,政府開放資料平臺,,CSV;JSON;XML,3,OGDL-1.0,2026/4/5 下午 04:53:18,https://odportal.tw/dataset/9owjfWQO,https://data.gov.tw/dataset/157732,真資料,3,2,40.0,,json;text,1,9owjfWQO,False
原住民族委員會職員年齡一覽表,政府開放資料平臺,,CSV;JSON;XML,3,OGDL-1.0,2026/4/5 下午 05:15:36,https://odportal.tw/dataset/9pwoPqnN,https://data.gov.tw/dataset/156657,真資料,3,2,528.0,,json;text,1,9pwoPqnN,False
臺北市原住民福利人數資料統計表含原住民人口數,臺北市政府,原民會,CSV,1,,2026/2/11 上午 10:59:32,https://odportal.tw/dataset/9wFIJ1Wt,https://data.taipei/dataset/detail?id=a59edba1-4e15-4ae5-8060-b483910ab8cb,網址無效,1,10,,,,1,9wFIJ1Wt,False
107年現住人口數按性別及原住民身分分,政府開放資料平臺,,JSON,12,OGDL-1.0,2025/5/29 下午 07:17:06,https://odportal.tw/dataset/A3Kzj4Mn,https://data.gov.tw/dataset/111959,真資料,12,2,114.0,,json,1,A3Kzj4Mn,False
原住民保留地非都市土地編定使用地類別統計表,政府開放資料平臺,,CSV;JSON;XML,3,OGDL-1.0,2026/4/5 下午 05:13:02,https://odportal.tw/dataset/A44G7INM,https://data.gov.tw/dataset/170605,真資料,3,2,2080.0,,json;text,1,A44G7INM,False
臺中市原住民族部落大學,政府開放資料平臺;臺中市政府,臺中市政府原住民族事務委員會,CSV;JSON;XML,3,OGDL-1.0,2026/8/11 下午 03:47:11,https://odportal.tw/dataset/AFmxBI8r,https://opendata.taichung.gov.tw/search/cd79ddc8-7fdc-4d1d-ba8f-afc9636802c9,真資料,3,2,49.0,,json;xml,2,AFmxBI8r;wU5E2bd2,False
115年7月基隆市現住原住民人數資料,政府開放資料平臺,,CSV,1,OGDL-1.0,2026/8/3 下午 04:52:02,https://odportal.tw/dataset/AMKE7vFP,https://data.gov.tw/dataset/177512,真資料,1,1,11.0,,text,1,AMKE7vFP,False
30220-01-03-2 臺中市山地平地原住民年齡分配,政府開放資料平臺;臺中市政府,臺中市政府原住民族事務委員會,CSV;JSON;XML,18,OGDL-1.0,2026/8/7 下午 01:45:42,https://odportal.tw/dataset/AN9IhDpz,https://opendata.taichung.gov.tw/search/ce59cb4d-eae4-4326-bf08-1c0b24f04175,真資料,18,4,634.0,,json,2,AN9IhDpz;g1Fyz9ew,False
臺灣原住民族文學獎,政府開放資料平臺,,CSV;JSON;XML,3,OGDL-1.0,2026/4/5 下午 04:49:18,https://odportal.tw/dataset/AdUeSpOc,https://data.gov.tw/dataset/157710,真資料,3,2,97.0,,json;text,1,AdUeSpOc,False
全國原住民族任公務人員概況按族別分,政府開放資料平臺,,CSV,1,OGDL-1.0,2026/7/6 下午 04:09:04,https://odportal.tw/dataset/AhzoX5Jo,https://data.gov.tw/dataset/152220,真資料,1,1,198.0,,text,1,AhzoX5Jo,False
原住民族委員會嚴重特殊傳染性肺炎防治及紓困振興特別預算會計月報,政府開放資料平臺,,CSV;JSON;XML,3,OGDL-1.0,2026/4/5 下午 04:53:33,https://odportal.tw/dataset/B6HYIIfT,https://data.gov.tw/dataset/122656,連結殼,3,2,10.0,檔案下載PDF;檔案下載XML,json;text,1,B6HYIIfT,False
桃園市原住民族低收入戶以工代賑人次每年統計,政府開放資料平臺;桃園市政府,主計處,CSV,1,OGDL-1.0,2026/8/7 下午 06:26:06,https://odportal.tw/dataset/_sBlObvz,https://opendata.tycg.gov.tw/datalist/737843c0-dd0a-4bea-9a78-b17d12e0d2ed,真資料,1,1,14.0,,text,2,BLu4DZic;_sBlObvz,False
原住民族委員會丹娜絲颱風及七二八豪雨災後復原重建特別預算會計月報,政府開放資料平臺,,CSV;JSON;XML,3,OGDL-1.0,2026/4/3 上午 01:17:59,https://odportal.tw/dataset/BaniPB8s,https://data.gov.tw/dataset/176012,真資料,3,2,1.0,,json;text,1,BaniPB8s,False
111年直轄市山地原住民區民代表選舉第1次賸餘政治獻金會計報告書,政府開放資料平臺,,ZIP,1,OGDL-1.0,2025/2/24 下午 02:36:44,https://odportal.tw/dataset/BcQZdNXl,https://data.gov.tw/dataset/168930,二進位,1,1,,,zip,1,BcQZdNXl,False
原住民族綜合發展基金附屬單位決算,政府開放資料平臺,,CSV;JSON;XML,3,OGDL-1.0,2026/4/5 下午 05:06:12,https://odportal.tw/dataset/BjkOjdN-,https://data.gov.tw/dataset/112727,連結殼,3,2,12.0,檔案pdf,json;text,1,BjkOjdN-,False
原住民族經濟戶長教育程度－按性別、年齡區域分,政府開放資料平臺,,CSV;JSON;XML,3,OGDL-1.0,2026/4/5 下午 04:59:42,https://odportal.tw/dataset/C21yyRyF,https://data.gov.tw/dataset/91818,真資料,3,2,33.0,,json;text,1,C21yyRyF,False
新竹縣原住民族家庭服務中心,新竹縣政府,彭承辦女士,CSV;JSON;XLSX;XML,4,,2024/10/14 上午 12:00:00,https://odportal.tw/dataset/C6TAZEoN,https://www.hsinchu.gov.tw/OpenDataDetail.aspx?n=1&s=583,二進位,4,2,3.0,網址,json;zip,1,C6TAZEoN,False
台閩原住民族人口-按區域別,政府開放資料平臺,,CSV;JSON;XML,3,OGDL-1.0,2026/5/21 下午 03:59:15,https://odportal.tw/dataset/CBwNbZmt,https://data.gov.tw/dataset/145936,真資料,3,2,1144.0,,json;text,1,CBwNbZmt,False
原住民族委員會非原住民廠商得標採購案件,政府開放資料平臺,,CSV;JSON;XML,3,OGDL-1.0,2026/4/5 下午 05:02:31,https://odportal.tw/dataset/CZH2Hzt-,https://data.gov.tw/dataset/129537,真資料,3,2,957.0,,json;text,1,CZH2Hzt-,False
原住民族家庭經濟戶長就業情形依族別,政府開放資料平臺,,CSV;JSON;XML,3,OGDL-1.0,2026/4/5 下午 04:58:51,https://odportal.tw/dataset/Cfpk1SB6,https://data.gov.tw/dataset/145193,真資料,3,2,16.0,,json;text,1,Cfpk1SB6,False
高雄市原住民中輟生人數,政府開放資料平臺,,JSON,1,OGDL-1.0,2025/7/16 上午 10:52:59,https://odportal.tw/dataset/CgveK0P6,https://data.gov.tw/dataset/127114,真資料,1,1,12.0,,json,1,CgveK0P6,False
原住民族就業者從事非典型就業工作的原因-按地區別分-108年以前,政府開放資料平臺,,CSV;JSON;XML,3,OGDL-1.0,2026/4/3 上午 12:16:46,https://odportal.tw/dataset/Coi87TpL,https://data.gov.tw/dataset/161543,真資料,3,2,168.0,,json;text,1,Coi87TpL,False
原住民族文化元素與部落資源運用情形-按行業別,政府開放資料平臺,,CSV;JSON;XML,3,OGDL-1.0,2026/4/5 下午 05:12:07,https://odportal.tw/dataset/Cr5T5UpG,https://data.gov.tw/dataset/174309,真資料,3,2,36.0,,json;text,1,Cr5T5UpG,False
原住民族就業者的職業-按地區別分,政府開放資料平臺,,CSV;JSON;XML,3,OGDL-1.0,2026/4/5 下午 05:14:26,https://odportal.tw/dataset/CrTvLsDo,https://data.gov.tw/dataset/161539,真資料,3,2,320.0,,json;text,1,CrTvLsDo,False
原住民族就業者目前場所工作年資狀況-按地區別分,政府開放資料平臺,,CSV;JSON;XML,3,OGDL-1.0,2026/4/5 下午 05:14:00,https://odportal.tw/dataset/Cy6Pslr5,https://data.gov.tw/dataset/161532,真資料,3,2,320.0,,json;text,1,Cy6Pslr5,False
高雄市原住民中輟生人數,高雄市政府,主計處,CSV;JSON,2,OGDL-1.0,2026/7/24 上午 08:17:32,https://odportal.tw/dataset/D6ZDc7WF,https://data.kcg.gov.tw/DataSet/Detail/2aea681b-674f-4086-a718-9cd78da4079e,真資料,2,2,12.0,,json;text,1,D6ZDc7WF,False
107年直轄市山地原住民區民代表政治獻金會計報告書(首次申報),政府開放資料平臺,,ZIP,1,OGDL-1.0,2022/5/5 上午 09:02:52,https://odportal.tw/dataset/D70VufqY,https://data.gov.tw/dataset/128949,二進位,1,1,,,zip,1,D70VufqY,False
臺南市國民小學原住民學生數,臺南市政府,臺南市政府教育局,CSV;JSON,32,OGDL-1.0,2026/7/3 上午 10:06:26,https://odportal.tw/dataset/D7Wfw4Al,https://data.tainan.gov.tw/DataSet/Detail/81c89f58-046c-4669-93c7-c89b6489bc54,真資料,32,2,17.0,,html;text,1,D7Wfw4Al,False
澎湖縣西嶼鄉原住民人口年齡層統計,政府開放資料平臺;澎湖縣政府,西嶼戶政事務所,CSV;JSON;XML,3,OGDL-1.0,2026/8/2 上午 12:02:15,https://odportal.tw/dataset/D9yZwoFh,http://opendata.penghu.gov.tw/dataset/kh10000-2022-08-04-1659579011,真資料,3,2,22.0,,json;text,2,D9yZwoFh;_PvpEdWK,False
原住民族委員會獎勵原住民族經貿拓銷業務國內外補助清單,政府開放資料平臺,,CSV;JSON;XML,3,OGDL-1.0,2026/4/5 下午 04:50:42,https://odportal.tw/dataset/DBYMANwc,https://data.gov.tw/dataset/145174,真資料,3,2,52.0,,json;text,1,DBYMANwc,False
桃園市原住民身心障礙人數按行政區分每年統計,政府開放資料平臺;桃園市政府,主計處,CSV,1,OGDL-1.0,2026/8/5 上午 10:04:12,https://odportal.tw/dataset/DEOt1gHh,https://opendata.tycg.gov.tw/datalist/3dce0dc0-31cb-4dee-b76f-7fb84c7eb937,真資料,1,1,13.0,,text,2,DEOt1gHh;XB8UNp_J,False
歷年原住民族傳統領域調查成果範圍(91-98年),政府開放資料平臺,,CSV;JSON;XML,3,OGDL-1.0,2026/4/5 下午 05:10:28,https://odportal.tw/dataset/DQKVO6Q1,https://data.gov.tw/dataset/45350,真資料,3,2,2.0,,json;text,1,DQKVO6Q1,False
112年澎湖縣馬公市各里　現住人口數按性別及原住民身分分,政府開放資料平臺,,CSV;JSON;XML,3,OGDL-1.0,2026/8/7 下午 04:28:37,https://odportal.tw/dataset/Dc4Z7sB0,https://data.gov.tw/dataset/160890,失效,3,2,,,,1,Dc4Z7sB0,False
30220-02-04-2 臺中市原住民終身學習及文化社教活動辦理情形,政府開放資料平臺;臺中市政府,臺中市政府原住民族事務委員會,CSV;JSON;XML,28,OGDL-1.0,2026/8/11 下午 03:37:23,https://odportal.tw/dataset/DcfyOg5t,https://opendata.taichung.gov.tw/search/1c079a59-8fe4-4994-bd97-0279372621f3,真資料,28,3,6.0,,json,2,DcfyOg5t;QRkPo9iQ,False
臺南市原住民社團名冊,臺南市政府,臺南市政府原住民族事務委員會,CSV;JSON,6,OGDL-1.0,2026/7/23 下午 01:57:26,https://odportal.tw/dataset/DfHNaYtF,https://data.tainan.gov.tw/DataSet/Detail/c215fe24-a922-4fb9-a3d8-f29a163eb209,真資料,6,2,30.0,,html;text,1,DfHNaYtF,False
桃園市原住民族低收入戶戶數按戶長性別分每年統計,政府開放資料平臺;桃園市政府,主計處,CSV,1,OGDL-1.0,2026/8/7 下午 06:26:14,https://odportal.tw/dataset/vgQb7VZd,https://opendata.tycg.gov.tw/datalist/34fbe42f-ec33-4443-88c2-1a68e82c93ba,真資料,1,1,15.0,,text,2,DjjVo9xb;vgQb7VZd,False
原住民族經濟戶長平均儲蓄金額依性別,政府開放資料平臺,,CSV;JSON;XML,3,OGDL-1.0,2026/4/5 下午 04:58:38,https://odportal.tw/dataset/DrR06gpM,https://data.gov.tw/dataset/145219,真資料,3,2,2.0,,json;text,1,DrR06gpM,False
10411-01-39-2 臺中市高級中等學校原住民學生數-專業群科(職業科),政府開放資料平臺;臺中市政府,臺中市政府教育局,CSV;JSON;XML,21,OGDL-1.0,2026/8/7 上午 06:11:02,https://odportal.tw/dataset/Mgpk0B_m,https://opendata.taichung.gov.tw/search/d170a7d2-2990-47a9-81c8-a0ab6c21b80b,真資料,21,3,270.0,,json,2,Dspn8Hom;Mgpk0B_m,True
109年外交、國際經濟商務、民航人員及原住民族考試(第一試),政府開放資料平臺,,ZIP,1,OGDL-1.0,2023/12/21 上午 10:38:28,https://odportal.tw/dataset/DzEmmfs8,https://data.gov.tw/dataset/164795,二進位,1,1,,,zip,1,DzEmmfs8,False
10411-01-45-2 臺中市國小原住民學生統計,政府開放資料平臺;臺中市政府,臺中市政府教育局,CSV;JSON;XML,20,OGDL-1.0,2026/8/11 上午 02:17:11,https://odportal.tw/dataset/E-cBbfmQ,https://opendata.taichung.gov.tw/search/540d22ea-4d9f-4b70-b30c-c425704925f5,真資料,20,3,238.0,,json,2,E-cBbfmQ;_4eov1Vf,True
原住民族家庭支出情形,政府開放資料平臺,,CSV;JSON;XML,3,OGDL-1.0,2026/4/5 下午 04:59:49,https://odportal.tw/dataset/E0c6GYpB,https://data.gov.tw/dataset/145184,真資料,3,2,21.0,,json;text,1,E0c6GYpB,False
臺北市各區原住民人口數按年齡分,臺北市政府,民政局,CSV,1,,2026/8/4 下午 05:25:44,https://odportal.tw/dataset/E5VadYla,https://data.taipei/dataset/detail?id=91d3835b-97ec-4f7b-9e44-a3e0d4ef8b9d,網址無效,1,2,,,,1,E5VadYla,False
10730-09-02-2 臺中市原住民住宅輔導業務統計,政府開放資料平臺;臺中市政府,臺中市政府原住民族事務委員會,CSV;JSON;XML,25,OGDL-1.0,2026/8/11 上午 06:18:53,https://odportal.tw/dataset/EDGIcgh8,https://opendata.taichung.gov.tw/search/fc6c77bb-7656-4f8b-83f3-1b5a498152c8,真資料,25,2,29.0,,json,2,EDGIcgh8;pw4iNZz3,True
臺北市各區區公所原住民服務窗口,政府開放資料平臺,,CSV,1,OGDL-1.0,2025/12/12 下午 03:31:05,https://odportal.tw/dataset/EE_YMadY,https://data.gov.tw/dataset/132889,真資料,1,1,12.0,,text,1,EE_YMadY,False
彰化縣現住原住民戶口數,政府開放資料平臺,,CSV,1,OGDL-1.0,2026/4/22 下午 06:05:34,https://odportal.tw/dataset/EJsq2sFV,https://data.gov.tw/dataset/27618,真資料,1,1,78.0,,text,1,EJsq2sFV,False
臺北市政府暨所屬機關進用原住民人數,臺北市政府,主計處,CSV,1,,2026/3/15 上午 11:49:51,https://odportal.tw/dataset/EQ_tQqNm,https://data.taipei/dataset/detail?id=ee10185c-8dfe-49dc-ac6c-52d2be4333be,網址無效,1,1,,,,1,EQ_tQqNm,False
原住民族委員會優先採購身心障礙福利機構團體庇護工場生產物品及服務明細、統計表,政府開放資料平臺,,CSV;JSON;XML,3,OGDL-1.0,2026/4/5 下午 05:11:19,https://odportal.tw/dataset/EiIcOA7s,https://data.gov.tw/dataset/129535,真資料,3,2,361.0,,json;text,1,EiIcOA7s,False
高雄市原住民學生數,高雄市政府,主計處,,0,OGDL-1.0,2025/7/16 上午 11:11:12,https://odportal.tw/dataset/EsVg8DYY,https://data.kcg.gov.tw/DataSet/Detail/00dd3b96-e179-4135-b83b-0c1d5df0c6ca,無資源,0,0,,,,1,EsVg8DYY,False
現住原住民族年齡分配,新北市政府,新北市政府主計處/公務統計科,XLSX,1,OGDL-1.0,2025/12/8 下午 01:51:37,https://odportal.tw/dataset/EsayEoNe,https://data.ntpc.gov.tw/datasets/b019f3d1-a1a7-4433-a683-f86a9c5427c6,HTML殼,1,1,,,html,1,EsayEoNe,False
直轄市原住民區代表,政府開放資料平臺,,CSV,1,OGDL-1.0,2025/12/22 上午 10:13:01,https://odportal.tw/dataset/F2oXHWUc,https://data.gov.tw/dataset/10050,連結殼,1,1,1.0,連結網址,text,1,F2oXHWUc,False
原住民族委員會公告金額以上未達查核金額採購案件,政府開放資料平臺,,CSV;JSON;XML,3,OGDL-1.0,2026/4/5 下午 05:01:42,https://odportal.tw/dataset/F421Md6a,https://data.gov.tw/dataset/145154,真資料,3,2,361.0,,json;text,1,F421Md6a,False
原住民族教育調查統計之各級學校原住民畢業生人數,政府開放資料平臺,,CSV;JSON;XML,3,OGDL-1.0,2026/4/5 下午 05:07:12,https://odportal.tw/dataset/F5DfUxqW,https://data.gov.tw/dataset/170578,真資料,3,2,21.0,,json;text,1,F5DfUxqW,False
原住民身心障礙者機構式服務生活資材費用補助計畫執行情形統計表依縣市別統計,政府開放資料平臺,,CSV;JSON;XML,3,OGDL-1.0,2026/4/5 下午 05:00:44,https://odportal.tw/dataset/F9okvRZM,https://data.gov.tw/dataset/145172,真資料,3,2,32.0,,json;text,1,F9okvRZM,False
前瞻基礎建設-優化原住民族通路經營平台計畫核定一覽表,政府開放資料平臺,,CSV;JSON;XML,3,OGDL-1.0,2026/4/5 下午 04:53:25,https://odportal.tw/dataset/FDm6Dgil,https://data.gov.tw/dataset/166810,真資料,3,2,9.0,,json;text,1,FDm6Dgil,False
115年5月基隆市原住民人口按性別及族別,政府開放資料平臺,,CSV,1,OGDL-1.0,2026/6/2 上午 11:09:59,https://odportal.tw/dataset/FGpauwaV,https://data.gov.tw/dataset/177515,真資料,1,1,98.0,,text,1,FGpauwaV,False
原住民嬰兒出生數按性別、出生月份及原住民身分分(按發生),政府開放資料平臺,,CSV,2,OGDL-1.0,2026/6/4 下午 03:24:39,https://odportal.tw/dataset/FPPhyZUg,https://data.gov.tw/dataset/169057,真資料,2,2,6250.0,,text,1,FPPhyZUg,False
國民中小學原住民學生及畢業生人數—按年級別、等級別與性別分,政府開放資料平臺,,CSV;JSON,6,OGDL-1.0,2026/5/7 上午 09:34:26,https://odportal.tw/dataset/FRDjz7yt,https://data.gov.tw/dataset/33510,真資料,6,2,88.0,,text,1,FRDjz7yt,False
桃園市原住民族綜合發展基金貸款統計,政府開放資料平臺;桃園市政府,原住民族行政局,CSV,1,OGDL-1.0,2026/7/3 上午 10:11:24,https://odportal.tw/dataset/FS1z3xVC,https://opendata.tycg.gov.tw/datalist/6cd306d1-10ba-4f7f-92b6-5558c07b8e33,真資料,1,1,8.0,,text,2,FS1z3xVC;Yqgfjfqn,False
原住民族家庭收入狀況,政府開放資料平臺,,CSV;JSON;XML,3,OGDL-1.0,2026/4/5 下午 04:48:52,https://odportal.tw/dataset/Fi_nptUq,https://data.gov.tw/dataset/93930,真資料,3,2,10.0,,json;text,1,Fi_nptUq,False
原住民族委員會資料開放諮詢小組會議紀錄,政府開放資料平臺,,CSV;JSON;XML,3,OGDL-1.0,2026/5/21 下午 04:15:06,https://odportal.tw/dataset/Frfz80c9,https://data.gov.tw/dataset/79104,真資料,3,2,21.0,,json;text,1,Frfz80c9,False
30220-02-02-2 臺中市原住民學前教育及兒童托育補助情形,政府開放資料平臺;臺中市政府,臺中市政府原住民族事務委員會,CSV;JSON;XML,32,OGDL-1.0,2026/8/7 上午 01:14:43,https://odportal.tw/dataset/m30FZzQ6,https://opendata.taichung.gov.tw/search/02d6a2e2-8f18-4a43-b4f6-62f9f145bfc5,真資料,32,3,12.0,,json,2,Fu5aYA8p;m30FZzQ6,True
原住民族委員會查核金額以上未達巨額採購案件,政府開放資料平臺,,CSV;JSON;XML,3,OGDL-1.0,2026/4/5 下午 05:01:57,https://odportal.tw/dataset/G124LbMl,https://data.gov.tw/dataset/145153,真資料,3,2,117.0,,json;text,1,G124LbMl,False
原住民族委員會職員性別一覽表,政府開放資料平臺,,CSV;JSON;XML,3,OGDL-1.0,2026/4/5 下午 05:15:43,https://odportal.tw/dataset/G2qisWBI,https://data.gov.tw/dataset/156659,真資料,3,2,176.0,,json;text,1,G2qisWBI,False
111年現住原住民人口數按性別、年齡及原住民身分分,政府開放資料平臺,,CSV;JSON,24,OGDL-1.0,2025/12/30 下午 12:02:29,https://odportal.tw/dataset/G3gfGLPf,https://data.gov.tw/dataset/164021,真資料,24,2,344.0,,json;text,1,G3gfGLPf,False
現住原住民族年齡分配,政府開放資料平臺,,CSV,1,OGDL-1.0,2025/12/8 下午 01:51:37,https://odportal.tw/dataset/G4hhSJu2,https://data.gov.tw/dataset/123322,真資料,1,1,1504.0,,text,1,G4hhSJu2,False
高雄市原住民族產業工坊名單,高雄市政府,原民會,,0,OGDL-1.0,2025/4/10 下午 03:43:50,https://odportal.tw/dataset/GGVgq9ZH,https://data.kcg.gov.tw/DataSet/Detail/f9ef9658-ba9f-41d2-b2f6-c3531611607d,無資源,0,0,,,,1,GGVgq9ZH,False
高雄市原住民五歲年齡組統計,高雄市政府,民政局,,0,OGDL-1.0,2026/6/5 上午 11:06:54,https://odportal.tw/dataset/GKm3_A43,https://data.kcg.gov.tw/DataSet/Detail/29bdcfdf-df92-4de6-b11b-9d67039f7409,無資源,0,0,,,,1,GKm3_A43,False
現住原住民族戶口數(民國100年以前),新北市政府,新北市政府主計處/公務統計科,XLSX,1,OGDL-1.0,2025/6/26 上午 09:04:31,https://odportal.tw/dataset/GMhkP8kq,https://data.ntpc.gov.tw/datasets/273611d8-ff47-4f62-8262-02ba17b57487,HTML殼,1,1,,,html,1,GMhkP8kq,False
10730-05-18-2 臺中市原住民身心障礙者障礙成因,政府開放資料平臺;臺中市政府,臺中市政府社會局,CSV;JSON;XML,18,OGDL-1.0,2026/8/11 上午 07:48:33,https://odportal.tw/dataset/Gh_Tu0aM,https://opendata.taichung.gov.tw/search/65cc8ec7-d904-4a08-9316-9db6428fae35,真資料,18,4,504.0,,json;text;xml,2,Gh_Tu0aM;WhK8aZSs,False
10730-05-18-2 臺中市原住民身心障礙者致殘成因,政府開放資料平臺;臺中市政府,臺中市政府社會局,CSV;JSON;XML,21,OGDL-1.0,2026/8/11 上午 08:09:34,https://odportal.tw/dataset/SqBQtytm,https://opendata.taichung.gov.tw/search/cfe5e6b7-10bb-4908-9686-5ef03a77d4fa,真資料,21,3,393.0,,json;xml,2,Gp9frIjx;SqBQtytm,False
原住民族就業者從事非典型就業工作的原因－按行業及職業分,政府開放資料平臺,,CSV;JSON;XML,3,OGDL-1.0,2026/4/5 下午 05:14:47,https://odportal.tw/dataset/GqsF-mH9,https://data.gov.tw/dataset/174801,真資料,3,2,29.0,,json;text,1,GqsF-mH9,False
111年現住原住民人口數按性別、年齡及原住民身分分,臺南市政府,臺南市政府民政局,CSV;JSON,24,OGDL-1.0,2026/5/4 上午 10:51:51,https://odportal.tw/dataset/Gst8YERe,https://data.tainan.gov.tw/DataSet/Detail/81da8f23-a987-46de-999a-d1744ca43532,真資料,24,2,344.0,,html;text,1,Gst8YERe,False
桃園市15歲以上原住民族婚姻狀況每年統計,政府開放資料平臺;桃園市政府,主計處,CSV,1,OGDL-1.0,2026/8/5 上午 10:15:00,https://odportal.tw/dataset/Gvhp9v4s,https://opendata.tycg.gov.tw/datalist/d17b43fa-2b40-4f02-9c3c-cf9815e90527,真資料,1,1,19.0,,text,2,Gvhp9v4s;Ib9_d6hD,False
106年外交、民航人員(第二試)、原住民族考試(第三試),政府開放資料平臺,,ZIP,1,OGDL-1.0,2023/12/25 上午 09:28:36,https://odportal.tw/dataset/H5fj2YR3,https://data.gov.tw/dataset/164848,二進位,1,1,,,zip,1,H5fj2YR3,False
原住民且身心障礙退除役官兵人數按縣市及性別分,政府開放資料平臺,,CSV,2,OGDL-1.0,2026/5/27 下午 03:16:04,https://odportal.tw/dataset/HA_FC5ME,https://data.gov.tw/dataset/172158,真資料,2,2,308.0,,text,1,HA_FC5ME,False
臺南市原住民場館資訊,臺南市政府,臺南市政府原住民族事務委員會,CSV;JSON,2,OGDL-1.0,2025/11/17 下午 03:55:34,https://odportal.tw/dataset/HClM4Br7,https://data.tainan.gov.tw/DataSet/Detail/a6657ea0-fbdc-443e-8db4-cb797aaa4ae2,真資料,2,2,3.0,,html;text,1,HClM4Br7,False
原住民族委員會原住民族文化發展中心AED緊急救護系統位置,政府開放資料平臺,,CSV;JSON;XML,3,OGDL-1.0,2026/4/3 上午 12:48:05,https://odportal.tw/dataset/HI5uQFvF,https://data.gov.tw/dataset/137787,真資料,3,2,25.0,,json;text,1,HI5uQFvF,False
原住民族就業者的第一份工作的職業-按人口特性分,政府開放資料平臺,,CSV;JSON;XML,3,OGDL-1.0,2026/4/3 上午 12:46:31,https://odportal.tw/dataset/HL6JInaG,https://data.gov.tw/dataset/161537,真資料,3,2,304.0,,json;text,1,HL6JInaG,False
原住民族委員會職員族別一覽表,政府開放資料平臺,,CSV;JSON;XML,3,OGDL-1.0,2026/4/5 下午 05:15:50,https://odportal.tw/dataset/HMTnj4HX,https://data.gov.tw/dataset/156662,真資料,3,2,1408.0,,json;text,1,HMTnj4HX,False
112年現住人口數按性別及原住民身分分,臺南市政府,臺南市政府民政局,CSV;JSON,24,OGDL-1.0,2026/5/4 上午 10:51:51,https://odportal.tw/dataset/HQJaYjYU,https://data.tainan.gov.tw/DataSet/Detail/6a96ed5c-0876-42a5-baa7-54ef2c302ef0,真資料,24,2,114.0,,html;text,1,HQJaYjYU,False
桃園市原住民族文化健康站資訊,政府開放資料平臺;桃園市政府,原住民族行政局,CSV,1,OGDL-1.0,2026/7/3 上午 10:12:23,https://odportal.tw/dataset/VXD5G6dl,https://opendata.tycg.gov.tw/datalist/7d7bcba6-5747-4734-a288-6bc9e43f1767,真資料,1,1,38.0,,text,2,HRFzjORT;VXD5G6dl,False
高雄市原住民年齡分組統計,政府開放資料平臺,,JSON,1,OGDL-1.0,2025/6/16 下午 03:22:11,https://odportal.tw/dataset/HSkjhe2r,https://data.gov.tw/dataset/157257,真資料,1,1,1000.0,,json,1,HSkjhe2r,False
全國原住民族運動會各縣市獎牌統計,政府開放資料平臺,,CSV,2,OGDL-1.0,2025/11/7 下午 05:33:54,https://odportal.tw/dataset/HY-X-snB,https://data.gov.tw/dataset/41366,真資料,2,2,22.0,,text,1,HY-X-snB,False
109年3月法務部及所屬機關原住民人員進用情形表,政府開放資料平臺,,JSON,1,OGDL-1.0,2024/7/1 下午 04:38:21,https://odportal.tw/dataset/H_awOxt-,https://data.gov.tw/dataset/132642,失效,1,1,,,json,1,H_awOxt-,False
10122-00-06-2 臺中市各區 現住原住民人口數按性別、年齡及原住民身分分,政府開放資料平臺;臺中市政府,臺中市政府民政局,CSV;JSON;XML,138,OGDL-1.0,2026/8/7 上午 11:33:59,https://odportal.tw/dataset/f9fY54rn,https://opendata.taichung.gov.tw/search/9253ff74-9d8a-4323-a8e3-ec3080e911d9,真資料,138,2,558.0,,json,2,HaK9uIP5;f9fY54rn,False
原住民族委員會工程查核案件,政府開放資料平臺,,CSV;JSON;XML,3,OGDL-1.0,2026/4/5 下午 04:52:17,https://odportal.tw/dataset/Hk5RakbX,https://data.gov.tw/dataset/164515,真資料,3,2,268.0,,json;text,1,Hk5RakbX,False
桃園市都會區各區原住民族服務員資訊,政府開放資料平臺;桃園市政府,原住民族行政局,CSV,1,OGDL-1.0,2026/7/2 下午 04:47:31,https://odportal.tw/dataset/Hkvx95Jo,https://opendata.tycg.gov.tw/datalist/c9d8a18a-cbaa-4e23-812d-cfc34c18508d,真資料,1,1,12.0,,text,2,Hkvx95Jo;V5uEredg,False
臺北市原住民婚姻狀況,臺北市政府,主計處,CSV,1,,2026/3/18 上午 09:34:26,https://odportal.tw/dataset/Ht9WekU5,https://data.taipei/dataset/detail?id=8026aa56-da30-4462-b282-fa5d514c1489,網址無效,1,1,,,,1,Ht9WekU5,False
臺北市原住民團體名單,臺北市政府,原民會,CSV,1,,2026/6/17 上午 11:57:26,https://odportal.tw/dataset/HzBqp1x1,https://data.taipei/dataset/detail?id=a955716f-54ba-425f-ac74-0600cfe50f21,網址無效,1,1,,,,1,HzBqp1x1,False
高雄市原住民人數,政府開放資料平臺,,JSON,1,OGDL-1.0,2025/6/30 下午 09:45:51,https://odportal.tw/dataset/HzG2XB49,https://data.gov.tw/dataset/155834,真資料,1,1,14.0,,json,1,HzG2XB49,False
新北市原住民族別人數排行榜統計表,新北市政府,新北市政府原住民族行政局/秘書室,XLSX,1,OGDL-1.0,2025/12/1 上午 11:40:17,https://odportal.tw/dataset/I27m3u9z,https://data.ntpc.gov.tw/datasets/22ecd1e6-842b-419b-b78a-c60482af298a,HTML殼,1,1,,,html,1,I27m3u9z,False
臺灣原住民族文化園區志工人數統計表,政府開放資料平臺,,CSV;JSON;XML,3,OGDL-1.0,2026/5/21 下午 04:14:15,https://odportal.tw/dataset/ILqBFQ0j,https://data.gov.tw/dataset/161516,真資料,3,2,16.0,,json;text,1,ILqBFQ0j,False
臺北市原住民族部落大學社區教室,政府開放資料平臺,,CSV,1,OGDL-1.0,2026/1/29 上午 10:54:34,https://odportal.tw/dataset/ISaWhcSU,https://data.gov.tw/dataset/135905,真資料,1,1,8.0,,text,1,ISaWhcSU,False
原住民族文化健康站通訊錄,政府開放資料平臺,,CSV;JSON;XML,3,OGDL-1.0,2026/4/5 下午 05:00:58,https://odportal.tw/dataset/IX_i64lS,https://data.gov.tw/dataset/157725,真資料,3,2,525.0,,json;text,1,IX_i64lS,False
原住民族就業者目前場所工作年資狀況-按行業及職業分,政府開放資料平臺,,CSV;JSON;XML,3,OGDL-1.0,2026/4/5 下午 05:08:55,https://odportal.tw/dataset/IXoPHTNW,https://data.gov.tw/dataset/161531,真資料,3,2,232.0,,json;text,1,IXoPHTNW,False
111年現住原住民人口數按性別、原住民身分及族別分,政府開放資料平臺,,CSV;JSON,24,OGDL-1.0,2025/8/19 下午 03:13:43,https://odportal.tw/dataset/IaPVBsfe,https://data.gov.tw/dataset/148477,真資料,24,2,342.0,,json;text,1,IaPVBsfe,False
臺北市原住民長青樂活服務,臺北市政府,原民會,CSV,1,,2026/2/11 上午 10:59:30,https://odportal.tw/dataset/IiunXFco,https://data.taipei/dataset/detail?id=dbcc8ff5-76ed-4fef-aa5e-dccb178963d0,網址無效,1,1,,,,1,IiunXFco,False
定額進用身心障礙者實際進用人數－按原住民、性別、年齡及地區別分,政府開放資料平臺,,CSV;JSON;WEBSERVICES,3,OGDL-1.0,2026/6/12 下午 02:18:13,https://odportal.tw/dataset/IjHNc1en,https://data.gov.tw/dataset/146537,真資料,3,2,330.0,,json;text,1,IjHNc1en,False
推動原住民族特色農業升級計畫核定單位一覽表,政府開放資料平臺,,CSV;JSON;XML,3,OGDL-1.0,2026/4/5 下午 05:02:39,https://odportal.tw/dataset/Im3j97O7,https://data.gov.tw/dataset/165268,真資料,3,2,62.0,,json;text,1,Im3j97O7,False
桃園市各區原住民族別人數每月統計(114年11月起),政府開放資料平臺;桃園市政府,民政局,CSV,3,OGDL-1.0,2026/7/29 下午 03:14:51,https://odportal.tw/dataset/RUM1hSqQ,https://opendata.tycg.gov.tw/datalist/9e577627-278a-4234-a18f-2c2bbd315d65,真資料,3,2,26.0,,text,2,Imroe22P;RUM1hSqQ,False
原住民族企業科技應用需求項目-按縣市別分,政府開放資料平臺,,CSV;JSON;XML,3,OGDL-1.0,2026/4/5 下午 05:12:36,https://odportal.tw/dataset/IuTs24nM,https://data.gov.tw/dataset/174315,真資料,3,2,105.0,,json;text,1,IuTs24nM,False
114年澎湖縣馬公市各里現住人口數按性別及原住民身分分統計資料,澎湖縣政府,馬公戶政事務所,CSV;JSON;XML,3,UNKNOWN,2026/1/14 上午 07:36:42,https://odportal.tw/dataset/IyxxYUH_,http://opendata.penghu.gov.tw/dataset/376561501a-2025-02-08-1738979610,真資料,3,2,1224.0,,json;text,1,IyxxYUH_,False
全國原住民保留地所有權人分佈統計表,政府開放資料平臺,,CSV;JSON;XML,3,OGDL-1.0,2026/4/5 下午 05:12:56,https://odportal.tw/dataset/JCeHBRSj,https://data.gov.tw/dataset/170601,真資料,3,2,520.0,,json;text,1,JCeHBRSj,False
原住民保留地違規超限利用處理執行成果,政府開放資料平臺,,CSV;JSON;XML,3,OGDL-1.0,2026/4/5 下午 04:55:33,https://odportal.tw/dataset/JLaZ3Min,https://data.gov.tw/dataset/145451,真資料,3,2,131.0,,json;text,1,JLaZ3Min,False
高雄市原住民五歲年齡組統計,政府開放資料平臺,,JSON,1,OGDL-1.0,2025/5/15 下午 01:02:16,https://odportal.tw/dataset/JOgn08ca,https://data.gov.tw/dataset/157264,真資料,1,1,861.0,,json,1,JOgn08ca,False
115年5月基隆市原住民人口按性別及年齡資料,政府開放資料平臺,,CSV,1,OGDL-1.0,2026/6/2 上午 10:32:05,https://odportal.tw/dataset/JcVxnhZE,https://data.gov.tw/dataset/177513,真資料,1,1,98.0,,text,1,JcVxnhZE,False
桃園市原住民身心障礙人數按障礙等級別、身心障礙類別分-每年統計,政府開放資料平臺;桃園市政府,主計處,CSV,1,OGDL-1.0,2026/7/6 上午 10:18:24,https://odportal.tw/dataset/dp9Wf9jY,https://opendata.tycg.gov.tw/datalist/b90bfcb7-5d18-4a7f-a305-b7b977fc63b5,真資料,1,1,12.0,,text,2,K0osQ96X;dp9Wf9jY,False
原住民族家庭服務中心通訊錄,政府開放資料平臺,,CSV;JSON;XML,3,OGDL-1.0,2026/4/5 下午 05:09:25,https://odportal.tw/dataset/K1MVhHbz,https://data.gov.tw/dataset/157664,真資料,3,2,197.0,,json;text,1,K1MVhHbz,False
臺北市補助原住民民俗文化及社會教育活動,政府開放資料平臺,,CSV,1,OGDL-1.0,2026/6/17 下午 04:29:07,https://odportal.tw/dataset/KUf6u_zT,https://data.gov.tw/dataset/134700,真資料,1,1,9.0,,text,1,KUf6u_zT,False
澎湖縣現住人口數按性別及原住民身分,政府開放資料平臺;澎湖縣政府,民政處,CSV;JSON;XML,3,OGDL-1.0,2026/7/4 上午 12:00:04,https://odportal.tw/dataset/KYPs5WQn,http://opendata.penghu.gov.tw/dataset/u600000-03-2017-05-31-1496199680,真資料,3,2,126.0,,json;text,2,KYPs5WQn;MYcBnJlt,False
原住民族委員會獎助儲蓄互助社計畫,政府開放資料平臺,,CSV;JSON;XML,3,OGDL-1.0,2026/4/3 上午 12:47:12,https://odportal.tw/dataset/K_ycH2Z8,https://data.gov.tw/dataset/176013,真資料,3,2,40.0,,json;text,1,K_ycH2Z8,False
112年現住人口數按性別及原住民身分分,政府開放資料平臺,,CSV;JSON,18,OGDL-1.0,2025/6/10 上午 11:46:12,https://odportal.tw/dataset/KfI8OPwb,https://data.gov.tw/dataset/161429,真資料,18,2,114.0,,json;text,1,KfI8OPwb,False
臺北市各區原住民人口數,臺北市政府,民政局,CSV,1,,2026/8/4 下午 05:25:48,https://odportal.tw/dataset/KhL4nEod,https://data.taipei/dataset/detail?id=9c6946fb-0c1a-44d5-b128-0d8c1fbddba4,網址無效,1,2,,,,1,KhL4nEod,False
補助經濟弱勢原住民建購及修繕住宅核定戶數,政府開放資料平臺,,CSV;JSON;XML,3,OGDL-1.0,2026/4/5 下午 05:11:00,https://odportal.tw/dataset/Kk0wuSKd,https://data.gov.tw/dataset/129522,真資料,3,2,28.0,,json;text,1,Kk0wuSKd,False
補助辦理原住民族傳統智慧創作保護人才培育計畫彙整表,政府開放資料平臺,,CSV;JSON;XML,3,OGDL-1.0,2026/4/5 下午 04:52:31,https://odportal.tw/dataset/KkgYfMgv,https://data.gov.tw/dataset/137777,真資料,3,2,16.0,,json;text,1,KkgYfMgv,False
原住民族委員會單位預算補助地方政府明細表-決算,政府開放資料平臺,,CSV;JSON;XML,3,OGDL-1.0,2026/4/5 下午 04:54:29,https://odportal.tw/dataset/KqhpO9D5,https://data.gov.tw/dataset/112709,連結殼,3,2,8.0,檔案pdf,json;text,1,KqhpO9D5,False
原住民族家庭自有住宅率狀況－依家庭基本特徵分,政府開放資料平臺,,CSV;JSON;XML,3,OGDL-1.0,2026/4/5 下午 05:00:25,https://odportal.tw/dataset/LBH1VjZX,https://data.gov.tw/dataset/145185,真資料,3,2,22.0,,json;text,1,LBH1VjZX,False
原住民教育調查統計之各級學校原住民學生族籍分布,政府開放資料平臺,,CSV;JSON;XML,3,OGDL-1.0,2026/4/5 下午 05:11:55,https://odportal.tw/dataset/LJiHYqsT,https://data.gov.tw/dataset/170581,真資料,3,2,34.0,,json;text,1,LJiHYqsT,False
高雄市原民會原住民部落工場,政府開放資料平臺,,JSON,1,OGDL-1.0,2025/6/30 下午 12:43:30,https://odportal.tw/dataset/LK9sXkGx,https://data.gov.tw/dataset/46838,真資料,1,1,22.0,,json,1,LK9sXkGx,False
各年度公費留學考試原住民生報名及錄取人數,政府開放資料平臺,,CSV,1,OGDL-1.0,2026/4/14 下午 03:21:42,https://odportal.tw/dataset/LLhKlrdL,https://data.gov.tw/dataset/46731,真資料,1,1,14.0,,text,1,LLhKlrdL,False
109年現住原住民人口數按性別、原住民身分及族別分,臺南市政府,臺南市政府民政局,CSV;JSON,24,OGDL-1.0,2026/5/4 上午 10:51:51,https://odportal.tw/dataset/LUf8sEa3,https://data.tainan.gov.tw/DataSet/Detail/c10a8822-fa20-4f5b-bc25-2f2d5aa9def8,真資料,24,2,342.0,,html;text,1,LUf8sEa3,False
現住原住民族婚姻現況,新北市政府,新北市政府主計處/公務統計科,XLSX,1,OGDL-1.0,2025/12/8 下午 02:01:20,https://odportal.tw/dataset/LVH24d0X,https://data.ntpc.gov.tw/datasets/3e6a60fa-9713-4eaf-9add-4f5c0fba0ba1,HTML殼,1,1,,,html,1,LVH24d0X,False
新竹縣原住民部落文化健康站,新竹縣政府,葛承辦女士,CSV;JSON;XLSX;XML,4,,2024/10/14 上午 12:00:00,https://odportal.tw/dataset/LX_TCZDP,https://www.hsinchu.gov.tw/OpenDataDetail.aspx?n=1&s=1000,真資料,4,2,25.0,,json;zip,1,LX_TCZDP,False
新竹縣原住民族家庭服務中心,政府開放資料平臺,,CSV;JSON;XLSX;XML,4,OGDL-1.0,2024/10/14 下午 01:27:55,https://odportal.tw/dataset/LYs6XVq-,https://data.gov.tw/dataset/112014,二進位,4,2,3.0,網址,json;zip,1,LYs6XVq-,False
原住民族就業者的職業-按人口特性分,政府開放資料平臺,,CSV;JSON;XML,3,OGDL-1.0,2026/4/5 下午 05:14:32,https://odportal.tw/dataset/LZi5RG3x,https://data.gov.tw/dataset/161540,真資料,3,2,304.0,,json;text,1,LZi5RG3x,False
桃園市政府所屬機關學校原住民族人員進用情形(原住民族地區),政府開放資料平臺;桃園市政府,人事處,CSV;JSON;XML,6,OGDL-1.0,2026/8/5 上午 10:08:18,https://odportal.tw/dataset/LcTJW_WJ,https://opendata.tycg.gov.tw/datalist/7841456c-abba-4158-98b4-a82129ba343d,真資料,6,2,3.0,,text,2,LcTJW_WJ;oVzlfvSp,True
原住民族就失業情形-按地區別分,政府開放資料平臺,,CSV;JSON;XML,3,OGDL-1.0,2026/4/5 下午 05:13:36,https://odportal.tw/dataset/LmZW3bwh,https://data.gov.tw/dataset/161526,真資料,3,2,416.0,,json;text,1,LmZW3bwh,False
10411-01-40-2 臺中市高級中等學校原住民學生數-綜合高中,政府開放資料平臺;臺中市政府,臺中市政府教育局,CSV;JSON;XML,21,OGDL-1.0,2026/8/11 上午 12:03:23,https://odportal.tw/dataset/LrabuTLx,https://opendata.taichung.gov.tw/search/78737b59-25f4-467f-a698-5a2d73b9147c,真資料,21,3,170.0,,json,2,LrabuTLx;gJCI5_k1,True
臺北市原住民與新住民子女學生占學生總數比率,政府開放資料平臺,,CSV,1,OGDL-1.0,2026/6/18 上午 09:47:17,https://odportal.tw/dataset/LxfTp_Mt,https://data.gov.tw/dataset/161577,真資料,1,1,12.0,,text,1,LxfTp_Mt,False
臺中市各區原住民身分別族別統計,政府開放資料平臺;臺中市政府,臺中市政府民政局,CSV;JSON;XML,3,OGDL-1.0,2026/8/10 下午 12:19:20,https://odportal.tw/dataset/MAXgFh8o,https://opendata.taichung.gov.tw/search/03b8b898-f891-49ab-b73d-791c39ade009,真資料,3,1,114.0,,json,2,MAXgFh8o;bUcxTJt-,False
高雄市原住民年齡分組統計,高雄市政府,民政局,JSON,1,OGDL-1.0,2025/5/20 上午 09:48:39,https://odportal.tw/dataset/MAZ1h7YC,https://data.kcg.gov.tw/DataSet/Detail/ad2898ea-98d9-4e3a-b58f-ffea2449b5eb,真資料,1,1,1349.0,,json,1,MAZ1h7YC,False
原住民族勞動力,新北市政府,新北市政府主計處/公務統計科,XLSX,1,OGDL-1.0,2025/11/27 下午 02:23:17,https://odportal.tw/dataset/MAbHnpIe,https://data.ntpc.gov.tw/datasets/99efada6-c5f3-4f42-852f-6e514c36df2c,HTML殼,1,1,,,html,1,MAbHnpIe,False
原住民族委員會採購標案公開資訊,政府開放資料平臺,,CSV;JSON;XML,3,OGDL-1.0,2026/4/5 下午 04:54:02,https://odportal.tw/dataset/MB3E7izo,https://data.gov.tw/dataset/130160,真資料,3,2,96.0,標案網址,json;text,1,MB3E7izo,False
中老年慢性病宣導教材原住民語翻譯稿件(卑南族),政府開放資料平臺,,PDF,1,OGDL-1.0,2026/4/13 上午 10:50:54,https://odportal.tw/dataset/MCesbqNe,https://data.gov.tw/dataset/177388,二進位,1,1,,,pdf,1,MCesbqNe,False
原住民族委員會財物採購案件,政府開放資料平臺,,CSV;JSON;XML,3,OGDL-1.0,2026/4/5 下午 05:02:24,https://odportal.tw/dataset/MI1nWGwM,https://data.gov.tw/dataset/129532,真資料,3,2,35.0,,json;text,1,MI1nWGwM,False
澎湖縣湖西鄉原住民統計,政府開放資料平臺;澎湖縣政府,湖西戶政事務所,CSV;JSON;XML,3,OGDL-1.0,2026/7/1 上午 12:05:06,https://odportal.tw/dataset/p0dihm74,http://opendata.penghu.gov.tw/dataset/376561502a-2025-07-22-1753165980,真資料,3,2,66.0,,json;text,2,MNbXPcJT;p0dihm74,False
現住人口數按性別及原住民身分分（新增區域代碼）,政府開放資料平臺,,CSV;JSON,93,OGDL-1.0,2026/7/7 下午 03:15:27,https://odportal.tw/dataset/MOlNnvE0,https://data.gov.tw/dataset/77145,真資料,93,2,3256.0,,text,1,MOlNnvE0,False
10411-01-41-2 臺中市高級中等學校原住民學生數-實用技能學程,政府開放資料平臺;臺中市政府,臺中市政府教育局,CSV;JSON;XML,21,OGDL-1.0,2026/8/11 下午 03:38:47,https://odportal.tw/dataset/_i1Ttt_6,https://opendata.taichung.gov.tw/search/46f10dbc-9f73-44a0-8b0f-495dad534eb9,真資料,21,3,136.0,,json,2,MVnt9C78;_i1Ttt_6,True
臺北市原住民及新住民按月別,臺北市政府,主計處,CSV,1,,2026/8/3 上午 09:20:38,https://odportal.tw/dataset/Ma-ZXyeb,https://data.taipei/dataset/detail?id=bf2f76ff-097d-43d0-8b3b-a9ab4d7f9bfd,網址無效,1,1,,,,1,Ma-ZXyeb,False
原住民族委員會採購案件,政府開放資料平臺,,CSV;JSON;XML,3,OGDL-1.0,2026/4/5 下午 05:11:13,https://odportal.tw/dataset/McB4P4YM,https://data.gov.tw/dataset/129533,真資料,3,2,1066.0,,json;text,1,McB4P4YM,False
原住民族就業者從事非典型就業工作的原因-按人口特性分-108年前,政府開放資料平臺,,CSV;JSON;XML,3,OGDL-1.0,2026/4/5 下午 05:10:16,https://odportal.tw/dataset/MefztRqX,https://data.gov.tw/dataset/161541,真資料,3,2,156.0,,json;text,1,MefztRqX,False
原住民人口─按區域別分,政府開放資料平臺,,CSV,1,OGDL-1.0,2025/12/15 下午 10:55:25,https://odportal.tw/dataset/MrFOSJFY,https://data.gov.tw/dataset/9605,真資料,1,1,299.0,,text,1,MrFOSJFY,False
113年現住原住民人口數按性別、原住民身分及族別分,臺南市政府,臺南市政府民政局,CSV;JSON,24,OGDL-1.0,2026/5/4 上午 10:51:51,https://odportal.tw/dataset/MyOQC0z0,https://data.tainan.gov.tw/DataSet/Detail/7ea146cd-b218-4856-a973-4f73a594d0af,真資料,24,2,342.0,,html;text,1,MyOQC0z0,False
原住民族委員會原住民族文化發展中心場域租借空間,政府開放資料平臺,,CSV;JSON;XML,3,OGDL-1.0,2026/4/3 上午 01:00:12,https://odportal.tw/dataset/N782Gt1u,https://data.gov.tw/dataset/137789,連結殼,3,2,14.0,網址,json;text,1,N782Gt1u,False
ICOPE自評量表原住民族語翻譯稿件,政府開放資料平臺,,PDF,1,OGDL-1.0,2026/5/6 下午 03:40:28,https://odportal.tw/dataset/NC7pBojG,https://data.gov.tw/dataset/177542,二進位,1,1,,,pdf,1,NC7pBojG,False
桃園市原住民族人口比率按三階段年齡別分每年統計,政府開放資料平臺;桃園市政府,主計處,CSV,1,OGDL-1.0,2026/8/3 下午 03:22:52,https://odportal.tw/dataset/NMy6XjpF,https://opendata.tycg.gov.tw/datalist/f6e134b6-82f7-4e76-840e-3d81fa7055eb,真資料,1,1,22.0,,text,2,NMy6XjpF;ZxSEbrwa,False
臺北市原住民族部落大學課程開設及人數,政府開放資料平臺,,CSV,1,OGDL-1.0,2025/12/12 下午 03:35:54,https://odportal.tw/dataset/NPvRYggf,https://data.gov.tw/dataset/134936,真資料,1,1,41.0,,text,1,NPvRYggf,False
臺北市原住民學前教育及兒童托育補助情形,臺北市政府,原民會,CSV,1,,2026/2/11 上午 10:59:43,https://odportal.tw/dataset/NQRFQChC,https://data.taipei/dataset/detail?id=78304046-566e-41ad-baf1-0590d7412fbf,網址無效,1,1,,,,1,NQRFQChC,False
臺北市各區原住民人口數按年齡分,政府開放資料平臺,,CSV,2,OGDL-1.0,2026/7/7 上午 09:17:28,https://odportal.tw/dataset/NSE-Jtvf,https://data.gov.tw/dataset/132946,真資料,2,2,468.0,,text,1,NSE-Jtvf,False
臺北市補助原住民民俗文化及社會教育活動,臺北市政府,原民會,CSV,1,,2026/6/17 下午 04:29:06,https://odportal.tw/dataset/NYa8kNU8,https://data.taipei/dataset/detail?id=88e93699-7e06-4b10-a2c4-6746eb6d951e,網址無效,1,1,,,,1,NYa8kNU8,False
臺南市特殊教育學校原住民學生數,臺南市政府,臺南市政府教育局,CSV;JSON,2,OGDL-1.0,2025/12/23 下午 11:23:27,https://odportal.tw/dataset/Nb7wmjhQ,https://data.tainan.gov.tw/DataSet/Detail/05ac9a49-3e6a-4ee4-9fde-a868d520771a,真資料,2,2,5.0,,html;text,1,Nb7wmjhQ,False
高級中等學校及國民中小學原住民族學生數,政府開放資料平臺,,CSV,1,OGDL-1.0,2025/12/8 上午 11:55:47,https://odportal.tw/dataset/NdHVcjbG,https://data.gov.tw/dataset/125563,真資料,1,1,20.0,,text,1,NdHVcjbG,False
112年現住原住民人口數按性別、年齡及原住民身分分,臺南市政府,臺南市政府民政局,CSV;JSON,24,OGDL-1.0,2026/5/4 上午 10:51:51,https://odportal.tw/dataset/Ndq0yLFd,https://data.tainan.gov.tw/DataSet/Detail/943240d6-35f0-4516-8550-cb54843ea633,真資料,24,2,344.0,,html;text,1,Ndq0yLFd,False
澎湖縣馬公市111年原住民身分分統計資料,政府開放資料平臺,,CSV;JSON;XML,3,OGDL-1.0,2026/8/7 下午 04:24:20,https://odportal.tw/dataset/NghRBAHS,https://data.gov.tw/dataset/155908,失效,3,2,,,,1,NghRBAHS,False
行政院所屬各機關暨地方政府原住民族公務人員訓練進修性別統計表,政府開放資料平臺,,CSV,2,OGDL-1.0,2026/6/18 下午 05:56:41,https://odportal.tw/dataset/O2PqCDEX,https://data.gov.tw/dataset/13252,真資料,2,2,198.0,,text,1,O2PqCDEX,False
105年外交、民航、國際經濟商務特考第一試及原住民族考試,政府開放資料平臺,,ZIP,1,OGDL-1.0,2023/12/25 上午 10:51:36,https://odportal.tw/dataset/O4mIYu9A,https://data.gov.tw/dataset/164988,二進位,1,1,,,zip,1,O4mIYu9A,False
高雄市原住民戶口數年終統計,高雄市政府,民政局,JSON,1,OGDL-1.0,2025/5/19 下午 02:18:47,https://odportal.tw/dataset/O8pVo9OB,https://data.kcg.gov.tw/DataSet/Detail/d28822db-7ce4-4cf1-9d1a-4024bffb607e,真資料,1,1,1654.0,,json,1,O8pVo9OB,False
十五歲以上現住原住民族人口之教育程度─按年齡別分,新北市政府,新北市政府主計處/公務統計科,XLSX,1,OGDL-1.0,2025/12/8 下午 01:52:04,https://odportal.tw/dataset/OQO32x1v,https://data.ntpc.gov.tw/datasets/6b47f1a9-35c3-4085-8af3-ee36d629acbc,HTML殼,1,1,,,html,1,OQO32x1v,False
115年現住原住民人口數按性別、年齡及原住民身分分,政府開放資料平臺,,CSV;JSON,2,OGDL-1.0,2026/7/13 上午 09:42:40,https://odportal.tw/dataset/ORNJfLIb,https://data.gov.tw/dataset/176715,真資料,2,2,456.0,,json;text,1,ORNJfLIb,False
原住民族教育,新北市政府,新北市政府主計處/公務統計科,XLSX,1,OGDL-1.0,2025/12/1 下午 05:00:47,https://odportal.tw/dataset/Oa5B51pG,https://data.ntpc.gov.tw/datasets/7d98616d-0fb3-4e5d-9d1e-5e9637acdd4e,HTML殼,1,1,,,html,1,Oa5B51pG,False
臺北市原住民人口數按民族別分,政府開放資料平臺,,CSV,2,OGDL-1.0,2026/7/7 上午 09:17:13,https://odportal.tw/dataset/OaN3trsc,https://data.gov.tw/dataset/132912,真資料,2,2,36.0,,text,1,OaN3trsc,False
原住民族企業科技應用需求項目-按行業別,政府開放資料平臺,,CSV;JSON;XML,3,OGDL-1.0,2026/4/5 下午 05:06:35,https://odportal.tw/dataset/Oqh9gZj4,https://data.gov.tw/dataset/174316,真資料,3,2,90.0,,json;text,1,Oqh9gZj4,False
原住民族就業狀況調查報告,政府開放資料平臺,,CSV;JSON;XML,3,OGDL-1.0,2026/4/5 下午 04:53:03,https://odportal.tw/dataset/OsTvtc-a,https://data.gov.tw/dataset/112722,連結殼,3,2,24.0,檔案pdf,json;text,1,OsTvtc-a,False
公務人員特種考試原住民族考試缺額表暨增列缺額表,政府開放資料平臺,,CSV;JSON;XML,3,OGDL-1.0,2026/4/3 上午 12:27:45,https://odportal.tw/dataset/P1_TpqrD,https://data.gov.tw/dataset/166713,真資料,3,2,953.0,,json;text,1,P1_TpqrD,False
現住原住民族種族別人口數,政府開放資料平臺,,CSV,1,OGDL-1.0,2025/12/8 下午 02:05:20,https://odportal.tw/dataset/P39j-mL_,https://data.gov.tw/dataset/124239,真資料,1,1,1980.0,,text,1,P39j-mL_,False
現住原住民教育程度(92-101年)-年 依 期間，年齡層，男/女，平地/山地 與,政府開放資料平臺,,CSV,1,OGDL-1.0,2026/7/4 上午 01:02:44,https://odportal.tw/dataset/P6LAru1e,https://data.gov.tw/dataset/128972,失效,1,1,,,,1,P6LAru1e,False
原住民族委員會工程採購案件,政府開放資料平臺,,CSV;JSON;XML,3,OGDL-1.0,2026/4/5 下午 05:01:35,https://odportal.tw/dataset/PADImKLM,https://data.gov.tw/dataset/129526,真資料,3,2,10.0,,json;text,1,PADImKLM,False
109年現住原住民人口數按性別、原住民身分及族別分,政府開放資料平臺,,CSV;JSON,12,OGDL-1.0,2025/8/19 下午 02:58:33,https://odportal.tw/dataset/PGVRc1Qq,https://data.gov.tw/dataset/120039,真資料,12,2,342.0,,json;text,1,PGVRc1Qq,False
113年現住原住民人口數按性別、原住民身分及族別分,政府開放資料平臺,,CSV;JSON,16,OGDL-1.0,2025/8/19 下午 03:29:33,https://odportal.tw/dataset/PL1u0o5k,https://data.gov.tw/dataset/169516,真資料,16,2,342.0,,json;text,1,PL1u0o5k,False
110年現住人口數按性別及原住民身分分,政府開放資料平臺,,CSV;JSON,11,OGDL-1.0,2025/6/10 上午 11:41:23,https://odportal.tw/dataset/PLcp8KuG,https://data.gov.tw/dataset/136924,真資料,11,2,114.0,,json,1,PLcp8KuG,False
臺北市原住民長青樂活服務,政府開放資料平臺,,CSV,1,OGDL-1.0,2026/2/11 上午 10:59:31,https://odportal.tw/dataset/PMiv-guM,https://data.gov.tw/dataset/134636,真資料,1,1,1.0,,text,1,PMiv-guM,False
高雄市年底原住民人口數,高雄市政府,主計處,,0,OGDL-1.0,2025/9/5 下午 04:46:07,https://odportal.tw/dataset/PNYjfZEh,https://data.kcg.gov.tw/DataSet/Detail/ee19485d-cbcc-4c03-ac8c-406b074e3c80,無資源,0,0,,,,1,PNYjfZEh,False
原住民族學生國中及高級中等學校畢業生升學與就業情形,政府開放資料平臺,,CSV;JSON;XML,3,OGDL-1.0,2026/4/5 下午 04:51:40,https://odportal.tw/dataset/PQkVhXgi,https://data.gov.tw/dataset/93929,真資料,3,2,8.0,,json;text,1,PQkVhXgi,False
典藏目錄-原住民類,政府開放資料平臺,,JSON,1,OGDL-1.0,2026/5/21 下午 05:37:39,https://odportal.tw/dataset/PRiM8udf,https://data.gov.tw/dataset/8706,真資料,1,1,476.0,,json,1,PRiM8udf,False
推動原住民族地區溫泉示範區旅遊行程建議,政府開放資料平臺,,CSV;JSON;XML,3,OGDL-1.0,2026/4/5 下午 05:13:17,https://odportal.tw/dataset/Pb5_2naR,https://data.gov.tw/dataset/166822,真資料,3,2,5.0,,json;text,1,Pb5_2naR,False
新竹縣各年度原住民鄉鎮辦理調解業務概況,政府開放資料平臺,,CSV;JSON;XLSX;XML,4,OGDL-1.0,2026/4/22 上午 10:35:27,https://odportal.tw/dataset/Pc6_DgT7,https://data.gov.tw/dataset/46531,真資料,4,2,57.0,,json;zip,1,Pc6_DgT7,False
原住民族家庭經濟戶長對原住民綜合發展基金貸款需求依族別,政府開放資料平臺,,CSV;JSON;XML,3,OGDL-1.0,2026/4/5 下午 04:50:23,https://odportal.tw/dataset/Pg8rJKPg,https://data.gov.tw/dataset/145199,真資料,3,2,16.0,,json;text,1,Pg8rJKPg,False
現住原住民人口按性別、身分、原住民族別分（新增區域代碼）,政府開放資料平臺,,CSV;JSON,93,OGDL-1.0,2026/7/13 下午 05:42:03,https://odportal.tw/dataset/Pgvfaz_V,https://data.gov.tw/dataset/77052,真資料,93,2,932.0,,text,1,Pgvfaz_V,False
原住民保留地禁伐補償合格面積及補償金額,政府開放資料平臺,,CSV;JSON;XML,3,OGDL-1.0,2026/4/5 下午 04:54:42,https://odportal.tw/dataset/Pv32eFD3,https://data.gov.tw/dataset/150989,真資料,3,2,72.0,,json;text,1,Pv32eFD3,False
10420-01-07-2 臺中市特殊教育學校原住民教師數,政府開放資料平臺;臺中市政府,臺中市政府教育局,CSV;JSON;XML,14,OGDL-1.0,2026/8/9 下午 11:24:28,https://odportal.tw/dataset/Px8zFlK_,https://opendata.taichung.gov.tw/search/d4741f5b-1576-487c-8ada-ea1534e6a823,真資料,14,4,102.0,,json,2,Px8zFlK_;lOctYo-s,False
臺南市各區區公所原住民服務窗口連絡電話,政府開放資料平臺,,CSV;JSON,2,OGDL-1.0,2025/12/23 下午 03:07:03,https://odportal.tw/dataset/Q19hCpuz,https://data.gov.tw/dataset/135075,真資料,2,2,37.0,,json;text,1,Q19hCpuz,False
高級中等學校原住民學生及畢業生人數—按年級別、等級別與性別分,政府開放資料平臺,,CSV;JSON,6,OGDL-1.0,2026/7/23 上午 10:44:06,https://odportal.tw/dataset/Q4mke9CS,https://data.gov.tw/dataset/33516,真資料,6,2,110.0,,text,1,Q4mke9CS,False
原住民族就業者工作地區-按地區別分,政府開放資料平臺,,CSV;JSON;XML,3,OGDL-1.0,2026/4/5 下午 05:14:59,https://odportal.tw/dataset/Q8T9e_xj,https://data.gov.tw/dataset/161527,真資料,3,2,320.0,,json;text,1,Q8T9e_xj,False
臺中市低(中低)收入老人暨原住民活動假牙補助計畫合約診所名單,政府開放資料平臺;臺中市政府,臺中市政府社會局,CSV;JSON;XML,3,OGDL-1.0,2026/7/26 下午 10:49:52,https://odportal.tw/dataset/Shc3qGjR,https://opendata.taichung.gov.tw/search/78cc97ea-4423-48c9-a6cb-33ceb5627d3f,真資料,3,3,210.0,,json;text;xml,2,QNPhvQaC;Shc3qGjR,False
銓敘部性別平等工作成果報告-110年底原住民族各族人口及各族任公務人員性別比率,政府開放資料平臺,,CSV,1,OGDL-1.0,2024/3/5 下午 04:11:49,https://odportal.tw/dataset/QNn3aqHj,https://data.gov.tw/dataset/165367,真資料,1,1,18.0,,text,1,QNn3aqHj,False
115年3月基隆市現住原住民人數,政府開放資料平臺,,CSV,1,OGDL-1.0,2026/4/1 下午 04:07:07,https://odportal.tw/dataset/QRbT1yib,https://data.gov.tw/dataset/59129,真資料,1,1,11.0,,text,1,QRbT1yib,False
臺中市原住民社會救助補助項目,政府開放資料平臺;臺中市政府,臺中市政府原住民族事務委員會,CSV;JSON;XML,3,OGDL-1.0,2026/8/11 上午 10:12:10,https://odportal.tw/dataset/QV2iR_Sb,https://opendata.taichung.gov.tw/search/9c396932-6693-4f03-8bc7-65ca9d49e494,連結殼,3,3,2.0,網址,json;text,2,QV2iR_Sb;tZNbN5zA,True
中老年慢性病宣導教材原住民語翻譯稿件(魯凱族),政府開放資料平臺,,PDF,1,OGDL-1.0,2026/4/10 下午 03:45:55,https://odportal.tw/dataset/QWoysabI,https://data.gov.tw/dataset/177381,二進位,1,1,,,pdf,1,QWoysabI,False
現住原住民人口按性別、身分、原住民族別分,政府開放資料平臺,,API;CSV;JSON,50,OGDL-1.0,2025/12/25 下午 07:07:03,https://odportal.tw/dataset/Q_ocBW-b,https://data.gov.tw/dataset/32971,真資料,50,2,973.0,,text,1,Q_ocBW-b,False
30220-01-02-2 臺中市山地平地原住民人口數－按民族別分,政府開放資料平臺;臺中市政府,臺中市政府原住民族事務委員會,CSV;JSON;XML,18,OGDL-1.0,2026/8/11 下午 02:35:44,https://odportal.tw/dataset/f_K5Lymm,https://opendata.taichung.gov.tw/search/01b13b6a-c8cb-452c-9e18-8e750f576aff,真資料,18,4,637.0,,json,2,QcMS2RLO;f_K5Lymm,False
114年公務人員特種考試外交領事人員及外交行政人員考試、國際經濟商務人員考試、民航人員考試、原住民族考試,政府開放資料平臺,,ZIP,1,OGDL-1.0,2025/10/21 下午 02:59:11,https://odportal.tw/dataset/QsRjmqJR,https://data.gov.tw/dataset/175217,二進位,1,1,,,zip,1,QsRjmqJR,False
原住民重點學校,政府開放資料平臺,,CSV,1,OGDL-1.0,2026/5/14 下午 03:14:03,https://odportal.tw/dataset/QtMw18QN,https://data.gov.tw/dataset/162567,真資料,1,1,431.0,,text,1,QtMw18QN,False
30220-01-04-2 臺中市山地平地原住民婚姻狀況,政府開放資料平臺;臺中市政府,臺中市政府原住民族事務委員會,CSV;JSON;XML,26,OGDL-1.0,2026/8/11 上午 01:58:16,https://odportal.tw/dataset/uzKBIy0Z,https://opendata.taichung.gov.tw/search/1b4ac6f8-cf6d-477c-b2c2-698f98c4d8b6,真資料,26,3,112.0,,json,2,QvtaPK5m;uzKBIy0Z,True
臺南市政府原住民族學生獎助學金補助情形,臺南市政府,臺南市政府原住民族事務委員會,CSV;JSON,2,OGDL-1.0,2026/8/7 下午 04:28:00,https://odportal.tw/dataset/R0JMAu-C,https://data.tainan.gov.tw/DataSet/Detail/1e08279b-b3e8-4989-8196-cbb5c8d6c3d2,真資料,2,2,8.0,,html;text,1,R0JMAu-C,False
原住民族經濟戶長平均每月收入－依教育程度,政府開放資料平臺,,CSV;JSON;XML,3,OGDL-1.0,2026/4/5 下午 04:57:24,https://odportal.tw/dataset/R815xBmL,https://data.gov.tw/dataset/145239,真資料,3,2,5.0,,json;text,1,R815xBmL,False
臺北市原住民部落大學,政府開放資料平臺,,CSV,1,OGDL-1.0,2026/4/30 上午 09:51:43,https://odportal.tw/dataset/R8dRY8-q,https://data.gov.tw/dataset/132038,真資料,1,1,11.0,,text,1,R8dRY8-q,False
原住民族部落活力計畫各縣市執行成果,政府開放資料平臺,,CSV;JSON;XML,3,OGDL-1.0,2026/4/5 下午 05:16:51,https://odportal.tw/dataset/RMQQanMv,https://data.gov.tw/dataset/89974,真資料,3,2,139.0,,json;text,1,RMQQanMv,False
10730-09-03-2 臺中市原住民急難救助統計,政府開放資料平臺;臺中市政府,臺中市政府原住民族事務委員會,CSV;JSON,56,OGDL-1.0,2026/8/4 上午 11:53:14,https://odportal.tw/dataset/RduWmiiy,https://opendata.taichung.gov.tw/search/39e87c91-df67-46ec-97d7-65c79f7d39d2,真資料,56,2,56.0,,json,2,RduWmiiy;lD4syRZP,False
臺北市原住民戶口數,臺北市政府,主計處,CSV,1,,2026/3/18 上午 09:31:33,https://odportal.tw/dataset/RxZETFK4,https://data.taipei/dataset/detail?id=2b497651-0339-458d-ba76-17c4f2de431a,網址無效,1,1,,,,1,RxZETFK4,False
原住民族委員會綜合發展基金貸款案件報表,政府開放資料平臺,,CSV;JSON;XML,3,OGDL-1.0,2026/4/5 下午 04:56:12,https://odportal.tw/dataset/S4MijCmK,https://data.gov.tw/dataset/130153,真資料,3,2,408.0,,json;text,1,S4MijCmK,False
原住民人口數單一年齡組─按區域別、性別分,政府開放資料平臺,,CSV,1,OGDL-1.0,2025/12/16 上午 02:16:33,https://odportal.tw/dataset/SIngkzn8,https://data.gov.tw/dataset/9606,真資料,1,1,138.0,,text,1,SIngkzn8,False
原住民就業者擔任職業,政府開放資料平臺,,CSV;JSON;XML,3,OGDL-1.0,2026/4/5 下午 04:59:19,https://odportal.tw/dataset/SK-uKA-4,https://data.gov.tw/dataset/91823,真資料,3,2,9.0,,json;text,1,SK-uKA-4,False
原住民就業者從事的行業－按人口特性及地區分,政府開放資料平臺,,CSV;JSON;XML,3,OGDL-1.0,2026/4/5 下午 04:48:05,https://odportal.tw/dataset/SUfDcRV_,https://data.gov.tw/dataset/91743,真資料,3,2,33.0,,json;text,1,SUfDcRV_,False
10730-09-05-2 臺中市原住民家庭暴力及性侵害統計,政府開放資料平臺;臺中市政府,臺中市政府原住民族事務委員會,CSV;JSON;XML,57,OGDL-1.0,2026/8/11 上午 04:24:41,https://odportal.tw/dataset/SYH5Waoo,https://opendata.taichung.gov.tw/search/f34cf859-c0ac-4885-bf46-ea011dbce2ab,真資料,57,2,12.0,,json,2,SYH5Waoo;mCMGwNrg,False
臺北市十五歲以上現住原住民人口數按年齡及教育程度分,政府開放資料平臺;臺北市政府,民政局,CSV,3,OGDL-1.0,2026/6/22 下午 03:07:20,https://odportal.tw/dataset/hr8kBt_F,https://data.taipei/dataset/detail?id=417716d9-8227-4ca3-9781-2f5303638241,真資料,3,2,,,,2,Sgc8Yzgr;hr8kBt_F,True
30220-02-05-2 臺中市原住民民俗文化及社會教育活動補助情形,政府開放資料平臺;臺中市政府,臺中市政府原住民族事務委員會,CSV;JSON;XML,15,OGDL-1.0,2026/8/3 下午 11:30:38,https://odportal.tw/dataset/atTYLqg8,https://opendata.taichung.gov.tw/search/6413660e-b179-4b7b-b9b1-dd4a1270c1ca,真資料,15,2,12.0,,json,2,Sq_xUyG1;atTYLqg8,False
111年度臺中市原住民族部落大學彙編原住民族傳統文化教材,政府開放資料平臺;臺中市政府,臺中市政府原住民族事務委員會,PDF,9,OGDL-1.0,2026/8/4 上午 07:25:36,https://odportal.tw/dataset/Sr73fVnJ,https://opendata.taichung.gov.tw/search/44d7d11c-b6f1-44d4-9350-83b8e3a25c5f,二進位,9,2,,,pdf,2,Sr73fVnJ;ccb0QYTx,False
113學年度連江縣國民中學原住民學生數,政府開放資料平臺,,ODS,1,OGDL-1.0,2025/6/23 上午 10:01:38,https://odportal.tw/dataset/SsipAneL,https://data.gov.tw/dataset/173844,二進位,1,1,,,zip,1,SsipAneL,False
原住民族經濟戶長平均每月收入依區域,政府開放資料平臺,,CSV;JSON;XML,3,OGDL-1.0,2026/4/5 下午 04:57:18,https://odportal.tw/dataset/Sx1xSsZf,https://data.gov.tw/dataset/145241,真資料,3,2,20.0,,json;text,1,Sx1xSsZf,False
原住民族委員會主管法規,政府開放資料平臺,,CSV;JSON;XML,3,OGDL-1.0,2026/4/5 下午 04:52:50,https://odportal.tw/dataset/TB2LBuEQ,https://data.gov.tw/dataset/112716,連結殼,3,2,21.0,檔案下載,json;text,1,TB2LBuEQ,False
原住民族經濟戶長平均每人月收入依性別,政府開放資料平臺,,CSV;JSON;XML,3,OGDL-1.0,2026/4/5 下午 04:47:26,https://odportal.tw/dataset/TEIHXra8,https://data.gov.tw/dataset/145204,真資料,3,2,2.0,,json;text,1,TEIHXra8,False
原住民族就業者的行業-按地區別分,政府開放資料平臺,,CSV;JSON;XML,3,OGDL-1.0,2026/4/5 下午 05:14:12,https://odportal.tw/dataset/TJsCWTXN,https://data.gov.tw/dataset/161536,真資料,3,2,334.0,,json;text,1,TJsCWTXN,False
110年現住原住民人口數按性別、年齡及原住民身分分,政府開放資料平臺,,CSV;JSON,10,OGDL-1.0,2025/12/30 上午 11:56:03,https://odportal.tw/dataset/TR6J0GTs,https://data.gov.tw/dataset/136922,真資料,10,2,344.0,,json;text,1,TR6J0GTs,False
10420-01-06-2 臺中市高級中等學校原住民教師數,政府開放資料平臺;臺中市政府,臺中市政府教育局,CSV;JSON;XML,13,OGDL-1.0,2026/8/11 下午 01:01:06,https://odportal.tw/dataset/TV-ftkS-,https://opendata.taichung.gov.tw/search/54155e44-6cfb-412f-bf4a-6d9c1c7d5a33,真資料,13,3,102.0,,json,2,TV-ftkS-;h1yeyxre,False
臺北市原住民場館介紹,臺北市政府,原民會,CSV,1,,2026/4/23 下午 04:31:41,https://odportal.tw/dataset/TVrtiHBF,https://data.taipei/dataset/detail?id=6a346e1c-b878-4fcf-817f-a7b620791f76,網址無效,1,1,,,,1,TVrtiHBF,False
原住民族經濟戶長目前投資情形依族別,政府開放資料平臺,,CSV;JSON;XML,3,OGDL-1.0,2026/4/5 下午 05:00:03,https://odportal.tw/dataset/TaxoASKe,https://data.gov.tw/dataset/145229,真資料,3,2,16.0,,json;text,1,TaxoASKe,False
臺北市原住民族部落大學課程開設及人數,臺北市政府,原民會,CSV,1,,2025/4/21 下午 04:27:12,https://odportal.tw/dataset/TciJyhCO,https://data.taipei/dataset/detail?id=ecda0e95-8673-48ab-8de3-39858f907b5a,網址無效,1,1,,,,1,TciJyhCO,False
臺北市原住民身心障礙者致殘成因,臺北市政府,社會局,CSV,1,,2025/6/26 上午 11:58:49,https://odportal.tw/dataset/Td-2bcvB,https://data.taipei/dataset/detail?id=a3ab0c7d-b7c5-4f11-a27e-218c7785c782,網址無效,1,1,,,,1,Td-2bcvB,False
原住民族家庭經濟戶長對原住民綜合發展基金貸款需求依性別,政府開放資料平臺,,CSV;JSON;XML,3,OGDL-1.0,2026/4/5 下午 04:46:40,https://odportal.tw/dataset/Tj382-PJ,https://data.gov.tw/dataset/145195,真資料,3,2,2.0,,json;text,1,Tj382-PJ,False
部落觀光遊程,政府開放資料平臺,,CSV,1,OGDL-1.0,2024/7/10 上午 10:51:34,https://odportal.tw/dataset/TnAduz-l,https://data.gov.tw/dataset/38828,真資料,1,1,15.0,,text,1,TnAduz-l,False
現住原住民族戶口數(民國101年以後),政府開放資料平臺,,CSV,1,OGDL-1.0,2025/12/8 下午 01:51:18,https://odportal.tw/dataset/Tngx3V9S,https://data.gov.tw/dataset/125385,真資料,1,1,390.0,,text,1,Tngx3V9S,False
原住民族勞動力參與情形-按人口特性分,政府開放資料平臺,,CSV;JSON;XML,3,OGDL-1.0,2026/4/5 下午 05:09:43,https://odportal.tw/dataset/TprnNBXL,https://data.gov.tw/dataset/161524,真資料,3,2,322.0,,json;text,1,TprnNBXL,False
107年現住原住民人口數按性別、年齡及原住民身分分,臺南市政府,臺南市政府民政局,CSV;JSON,24,OGDL-1.0,2026/5/4 上午 10:53:33,https://odportal.tw/dataset/TtHO6QqG,https://data.tainan.gov.tw/DataSet/Detail/55dc6f93-777e-4ed2-8660-8e385bf41582,真資料,24,2,344.0,,html;text,1,TtHO6QqG,False
高雄市原住民部落大學教育參與人次,高雄市政府,主計處,,0,OGDL-1.0,2025/9/5 下午 04:37:00,https://odportal.tw/dataset/TuYoJoX3,https://data.kcg.gov.tw/DataSet/Detail/7a4ca3c0-a752-4e08-b620-66d3a751892e,無資源,0,0,,,,1,TuYoJoX3,False
111年現住人口數按性別及原住民身分分,臺南市政府,臺南市政府民政局,CSV;JSON,24,OGDL-1.0,2023/7/5 下午 03:23:29,https://odportal.tw/dataset/U1vMCfS1,https://data.tainan.gov.tw/DataSet/Detail/e51b1fe1-18fd-4564-a6a7-6b69cfdbf222,真資料,24,2,114.0,,html;text,1,U1vMCfS1,False
原住民族家庭經濟戶長對原住民綜合發展基金貸款需求依年齡,政府開放資料平臺,,CSV;JSON;XML,3,OGDL-1.0,2026/4/5 下午 04:46:47,https://odportal.tw/dataset/UA27CjvQ,https://data.gov.tw/dataset/145196,真資料,3,2,11.0,,json;text,1,UA27CjvQ,False
原住民族大專畢業生就讀學門人數,政府開放資料平臺,,CSV;JSON;XML,3,OGDL-1.0,2026/4/5 下午 04:51:47,https://odportal.tw/dataset/UBkejJG-,https://data.gov.tw/dataset/93931,真資料,3,2,24.0,,json;text,1,UBkejJG-,False
原住民族家庭經濟戶長就業情形依性別,政府開放資料平臺,,CSV;JSON;XML,3,OGDL-1.0,2026/4/5 下午 04:59:12,https://odportal.tw/dataset/URGlBrsU,https://data.gov.tw/dataset/145189,真資料,3,2,2.0,,json;text,1,URGlBrsU,False
原住民族經濟戶長目前投資情形依教育程度,政府開放資料平臺,,CSV;JSON;XML,3,OGDL-1.0,2026/5/11 下午 04:57:08,https://odportal.tw/dataset/UfefXzlq,https://data.gov.tw/dataset/145228,真資料,3,2,5.0,,json;text,1,UfefXzlq,False
原住民族有酬就業者每月主要工作收入-按地區別分,政府開放資料平臺,,CSV;JSON;XML,3,OGDL-1.0,2026/4/5 下午 05:07:44,https://odportal.tw/dataset/Uie4kqnZ,https://data.gov.tw/dataset/161521,真資料,3,2,320.0,,json;text,1,Uie4kqnZ,False
臺北市15歲以上原住民之教育程度,政府開放資料平臺,,CSV,1,OGDL-1.0,2026/3/18 上午 09:34:36,https://odportal.tw/dataset/UipdsIOL,https://data.gov.tw/dataset/131760,真資料,1,1,171.0,,text,1,UipdsIOL,False
原住民族教育調查統計之原住民重點學校及實驗教育學校學生人數,政府開放資料平臺,,CSV;JSON;XML,3,OGDL-1.0,2026/6/17 上午 10:30:16,https://odportal.tw/dataset/V1soAJgn,https://data.gov.tw/dataset/177484,真資料,3,2,4.0,,json;text,1,V1soAJgn,False
臺北市原住民身心障礙者人數,臺北市政府,社會局,CSV,1,,2025/9/12 下午 04:42:47,https://odportal.tw/dataset/VALquSTM,https://data.taipei/dataset/detail?id=9af2ad0b-e4e7-4981-aa49-52c9db7f213e,網址無效,1,1,,,,1,VALquSTM,False
臺北市原住民族部落大學社區教室,臺北市政府,原民會,CSV,1,,2026/1/29 上午 10:54:33,https://odportal.tw/dataset/VAS0J_m8,https://data.taipei/dataset/detail?id=076911d0-c3cf-427e-9111-a0d37ff1750b,網址無效,1,1,,,,1,VAS0J_m8,False
台閩縣市鄉鎮市區原住民族人口-按性別族別,政府開放資料平臺,,CSV;JSON;XML,3,OGDL-1.0,2026/7/26 下午 09:17:14,https://odportal.tw/dataset/VDiI2NyS,https://data.gov.tw/dataset/145512,真資料,3,2,2659.0,,json;text,1,VDiI2NyS,False
臺北市原民會族語學習教室,臺北市政府,原民會,CSV,1,,2025/5/27 上午 11:25:46,https://odportal.tw/dataset/VFfXzBRn,https://data.taipei/dataset/detail?id=8d62da75-21c9-451d-94cc-1b0bea3bd73d,網址無效,1,1,,,,1,VFfXzBRn,False
臺北市原住民場館介紹,政府開放資料平臺,,CSV,1,OGDL-1.0,2026/4/23 下午 04:31:42,https://odportal.tw/dataset/VHaIKIdB,https://data.gov.tw/dataset/145687,真資料,1,1,2.0,,text,1,VHaIKIdB,False
高雄市原住民學生數,政府開放資料平臺,,JSON,1,OGDL-1.0,2026/7/24 上午 08:59:09,https://odportal.tw/dataset/VQliMkNy,https://data.gov.tw/dataset/127110,真資料,1,1,13.0,,json,1,VQliMkNy,False
高雄市原住民進用情形,政府開放資料平臺,,CSV;JSON,2,OGDL-1.0,2026/7/15 下午 12:37:52,https://odportal.tw/dataset/VVBkyt22,https://data.gov.tw/dataset/46852,真資料,2,2,12.0,,json;text,1,VVBkyt22,False
原住民族委員會嚴重特殊傳染性肺炎防治及紓困振興特別預算收支執行狀況月報表,政府開放資料平臺,,CSV;JSON;XML,3,OGDL-1.0,2026/4/5 下午 04:53:47,https://odportal.tw/dataset/Vg3iV-TC,https://data.gov.tw/dataset/122871,連結殼,3,2,31.0,檔案下載PDF;檔案下載XML,json;text,1,Vg3iV-TC,False
國民年金原住民族給付總發放人數發放金額及受益比統計表依年度,政府開放資料平臺,,CSV;JSON;XML,3,OGDL-1.0,2026/4/5 下午 04:56:18,https://odportal.tw/dataset/VkoMBwF-,https://data.gov.tw/dataset/112698,真資料,3,2,15.0,,json;text,1,VkoMBwF-,False
原住民族委員會前瞻基礎建設計畫-決算,政府開放資料平臺,,CSV;JSON;XML,3,OGDL-1.0,2026/4/5 下午 05:09:31,https://odportal.tw/dataset/VlGK4DWA,https://data.gov.tw/dataset/112720,連結殼,3,2,9.0,檔案下載PDF,json;text,1,VlGK4DWA,False
連江縣國民小學原住民學生數－族別,政府開放資料平臺,,PDF,1,OGDL-1.0,2021/12/8 下午 02:16:30,https://odportal.tw/dataset/Vsf2_jDt,https://data.gov.tw/dataset/146858,二進位,1,1,,,pdf,1,Vsf2_jDt,False
原住民族委員會獎助大專校院原住民學生獲獎人數及金額統計,政府開放資料平臺,,CSV;JSON;XML,3,OGDL-1.0,2026/4/5 下午 04:51:11,https://odportal.tw/dataset/VyOdcH1R,https://data.gov.tw/dataset/164514,真資料,3,2,90.0,,json;text,1,VyOdcH1R,False
108年現住原住民人口數按性別、原住民身分及族別分,政府開放資料平臺,,CSV;JSON,12,OGDL-1.0,2025/8/19 下午 02:31:18,https://odportal.tw/dataset/W0vdWdRO,https://data.gov.tw/dataset/85862,真資料,12,2,342.0,,json;text,1,W0vdWdRO,False
臺北市原住民家庭服務中心,臺北市政府,原民會,CSV,1,,2026/6/17 下午 02:25:47,https://odportal.tw/dataset/W1fCBYje,https://data.taipei/dataset/detail?id=daeb56be-a90f-4d67-a5ce-12edd4239859,網址無效,1,1,,,,1,W1fCBYje,False
臺南市特殊教育學校原住民學生數,政府開放資料平臺,,JSON,1,OGDL-1.0,2025/12/23 下午 11:23:27,https://odportal.tw/dataset/WAkWkXNQ,https://data.gov.tw/dataset/142957,真資料,1,1,2.0,,json,1,WAkWkXNQ,False
大專校院原住民學生及畢業生人數—按等級別與校別分,政府開放資料平臺,,CSV;JSON,5,OGDL-1.0,2026/5/5 下午 01:13:34,https://odportal.tw/dataset/WWFWlfY5,https://data.gov.tw/dataset/33514,真資料,5,2,530.0,,json,1,WWFWlfY5,False
臺北市中等學校及國小原住民學生數,臺北市政府,主計處,CSV,1,,2026/4/28 下午 01:57:45,https://odportal.tw/dataset/WYCwtsy7,https://data.taipei/dataset/detail?id=abeedba5-9465-49ba-8887-03f871915109,網址無效,1,1,,,,1,WYCwtsy7,False
原住民族福利,新北市政府,新北市政府主計處/公務統計科,XLSX,1,OGDL-1.0,2025/11/27 下午 02:31:16,https://odportal.tw/dataset/WhxY4Pho,https://data.ntpc.gov.tw/datasets/c1079436-54f0-41fe-9fda-8accef7ca58f,HTML殼,1,1,,,html,1,WhxY4Pho,False
臺北市原住民族學生獎學金補助情形,臺北市政府,原民會,CSV,1,,2026/6/17 上午 11:57:17,https://odportal.tw/dataset/Wq9Vi-RH,https://data.taipei/dataset/detail?id=70e53cbd-3394-4ec7-aa58-dd7cab7770c2,網址無效,1,1,,,,1,Wq9Vi-RH,False
原住民族經濟戶長平均每月收入－依性別、年齡教育程度分,政府開放資料平臺,,CSV;JSON;XML,3,OGDL-1.0,2026/4/5 下午 04:45:27,https://odportal.tw/dataset/WrXwrdur,https://data.gov.tw/dataset/91736,真資料,3,2,38.0,,json;text,1,WrXwrdur,False
原住民族就業者從事非典型就業工作的原因-按地區別分,政府開放資料平臺,,CSV;JSON;XML,3,OGDL-1.0,2026/4/3 上午 12:16:40,https://odportal.tw/dataset/WsZfRvJW,https://data.gov.tw/dataset/174800,真資料,3,2,40.0,,json;text,1,WsZfRvJW,False
臺北市各區原住民人口數,政府開放資料平臺,,CSV,2,OGDL-1.0,2026/7/7 上午 09:17:32,https://odportal.tw/dataset/Wu0RtPH-,https://data.gov.tw/dataset/132577,真資料,2,2,468.0,,text,1,Wu0RtPH-,False
10730-05-16-2 臺中市原住民身心障礙者人數,政府開放資料平臺;臺中市政府,臺中市政府社會局,CSV;JSON;XML,42,OGDL-1.0,2026/8/10 下午 12:24:56,https://odportal.tw/dataset/kdsqu0Os,https://opendata.taichung.gov.tw/search/06005a5d-ec45-40cc-8ccf-d7d31916fdd1,真資料,42,3,776.0,,json;text;xml,2,X5SI0HW3;kdsqu0Os,True
宜居部落建設計畫-居住環境品質提升計畫核定表,政府開放資料平臺,,CSV;JSON;XML,3,OGDL-1.0,2026/4/3 上午 12:26:03,https://odportal.tw/dataset/X7fXNbqz,https://data.gov.tw/dataset/165952,真資料,3,2,103.0,,json;text,1,X7fXNbqz,False
各級學校原住民學生概況,政府開放資料平臺,,CSV;JSON,6,OGDL-1.0,2025/6/6 下午 12:04:43,https://odportal.tw/dataset/XDjjQFDZ,https://data.gov.tw/dataset/40117,真資料,6,2,231.0,,text,1,XDjjQFDZ,False
新北市原民團體資料,政府開放資料平臺,,CSV,1,OGDL-1.0,2025/12/29 下午 01:43:02,https://odportal.tw/dataset/XFpC6rtD,https://data.gov.tw/dataset/124724,真資料,1,1,86.0,,text,1,XFpC6rtD,False
107年現住原住民人口數按性別、原住民身分及族別分,臺南市政府,臺南市政府民政局,CSV;JSON,24,OGDL-1.0,2026/5/4 上午 10:53:33,https://odportal.tw/dataset/XM1X7T_o,https://data.tainan.gov.tw/DataSet/Detail/402ac206-739f-417a-9e9d-2431ed5e3e5d,真資料,24,2,342.0,,html;text,1,XM1X7T_o,False
原住民族家庭經濟戶長就業情形依教育程度,政府開放資料平臺,,CSV;JSON;XML,3,OGDL-1.0,2026/4/5 下午 04:58:58,https://odportal.tw/dataset/XPFey9Bf,https://data.gov.tw/dataset/145191,真資料,3,2,5.0,,json;text,1,XPFey9Bf,False
112年澎湖縣馬公市各里　現住人口數按性別及原住民身分分,澎湖縣政府,馬公戶政事務所,CSV;JSON;XML,3,UNKNOWN,2024/9/19 上午 06:59:08,https://odportal.tw/dataset/XSeeq9fb,http://opendata.penghu.gov.tw/dataset/ka10000-2023-02-13-1676277352,真資料,3,2,1224.0,,json;text,1,XSeeq9fb,False
原住民族文化元素與部落資源運用情形-按統計區域分,政府開放資料平臺,,CSV;JSON;XML,3,OGDL-1.0,2026/4/5 下午 05:12:29,https://odportal.tw/dataset/XXSmA2Vs,https://data.gov.tw/dataset/174312,真資料,3,2,26.0,,json;text,1,XXSmA2Vs,False
資賦優異原住民族學生人數統計-按地區別與性別,政府開放資料平臺,,CSV,3,OGDL-1.0,2026/5/14 下午 02:51:00,https://odportal.tw/dataset/XhqpdECA,https://data.gov.tw/dataset/157980,真資料,3,2,22.0,,text,1,XhqpdECA,False
現住原住民人口按性別、年齡,政府開放資料平臺,,CSV;JSON,41,OGDL-1.0,2025/12/15 下午 09:45:01,https://odportal.tw/dataset/XkxA_LA-,https://data.gov.tw/dataset/32946,二進位,41,2,,,zip,1,XkxA_LA-,False
臺南市原住民文化表演團體,臺南市政府,臺南市政府原住民族事務委員會,CSV;JSON,2,OGDL-1.0,2025/12/23 下午 02:15:40,https://odportal.tw/dataset/XlgBMKd_,https://data.tainan.gov.tw/DataSet/Detail/1b05a156-f1e6-4f5f-b2f7-bfec329b4aff,真資料,2,2,3.0,,html;text,1,XlgBMKd_,False
原住民族部落永續發展造景計畫核定明細,政府開放資料平臺,,CSV;JSON;XML,3,OGDL-1.0,2026/4/5 下午 04:54:14,https://odportal.tw/dataset/XmjT-LNa,https://data.gov.tw/dataset/137401,真資料,3,2,164.0,,json;text,1,XmjT-LNa,False
現住原住民族種族別人口數,新北市政府,新北市政府主計處/公務統計科,XLSX,1,OGDL-1.0,2025/12/8 下午 02:05:20,https://odportal.tw/dataset/XuKBcLXn,https://data.ntpc.gov.tw/datasets/ac89b3ad-6c64-47f4-b5d6-9af374e7c4ee,HTML殼,1,1,,,html,1,XuKBcLXn,False
臺南市高級中學原住民學生數,臺南市政府,臺南市政府教育局,CSV;JSON,8,OGDL-1.0,2026/7/3 上午 10:13:13,https://odportal.tw/dataset/Xuh4muwe,https://data.tainan.gov.tw/DataSet/Detail/f1412f63-d2ba-48cc-8416-3e5cbfeddf19,真資料,8,2,17.0,,html;text,1,Xuh4muwe,False
113年公務人員特種考試外交領事人員及外交行政人員考試、國際經濟商務人員考試、民航人員考試、原住民族考試,政府開放資料平臺,,ZIP,1,OGDL-1.0,2024/10/23 下午 02:48:15,https://odportal.tw/dataset/XwkrYkfh,https://data.gov.tw/dataset/171248,二進位,1,1,,,zip,1,XwkrYkfh,False
臺北市原住民身心障礙者之年齡分配,政府開放資料平臺,,CSV,1,OGDL-1.0,2025/12/12 下午 03:38:59,https://odportal.tw/dataset/XwpGeEvE,https://data.gov.tw/dataset/135766,真資料,1,1,12.0,,text,1,XwpGeEvE,False
112年公務人員特種考試外交領事人員及外交行政人員考試、國際經濟商務人員考試、民航人員考試、原住民族考試,政府開放資料平臺,,ZIP,1,OGDL-1.0,2023/12/15 下午 03:34:52,https://odportal.tw/dataset/Y-dWEGBO,https://data.gov.tw/dataset/166053,二進位,1,1,,,zip,1,Y-dWEGBO,False
原住民族經濟戶長平均每人月收入依年齡,政府開放資料平臺,,CSV;JSON;XML,3,OGDL-1.0,2026/4/5 下午 05:00:11,https://odportal.tw/dataset/YAr-D5bX,https://data.gov.tw/dataset/145205,真資料,3,2,11.0,,json;text,1,YAr-D5bX,False
原住民族委員會巨額採購案件,政府開放資料平臺,,CSV;JSON;XML,3,OGDL-1.0,2026/4/5 下午 05:01:28,https://odportal.tw/dataset/YEtJEdrZ,https://data.gov.tw/dataset/129528,真資料,3,2,114.0,,json;text,1,YEtJEdrZ,False
114年現住原住民人口數按性別、年齡及原住民身分分,臺南市政府,臺南市政府民政局,CSV;JSON,16,OGDL-1.0,2026/5/4 上午 10:51:51,https://odportal.tw/dataset/YHwfJhan,https://data.tainan.gov.tw/DataSet/Detail/89a9b846-6c69-4856-888f-ab5645f94ce4,真資料,16,2,456.0,,html;text,1,YHwfJhan,False
原住民族失業者希望從事的工作內容-按地區別分,政府開放資料平臺,,CSV;JSON;XML,3,OGDL-1.0,2026/4/5 下午 05:09:10,https://odportal.tw/dataset/YIGM2jNg,https://data.gov.tw/dataset/161517,真資料,3,2,320.0,,json;text,1,YIGM2jNg,False
原住民子女身心障礙類學生數統計,政府開放資料平臺,,CSV,5,OGDL-1.0,2026/5/14 下午 04:21:38,https://odportal.tw/dataset/YSM0aYXv,https://data.gov.tw/dataset/46727,真資料,5,2,22.0,,text,1,YSM0aYXv,False
臺北市原住民身心障礙者人數,政府開放資料平臺,,CSV,1,OGDL-1.0,2025/12/12 下午 03:38:58,https://odportal.tw/dataset/YTjGSX3-,https://data.gov.tw/dataset/135767,真資料,1,1,10.0,,text,1,YTjGSX3-,False
偏遠與原住民族地區家用桶裝瓦斯價差補助成果,政府開放資料平臺,,CSV,1,OGDL-1.0,2026/6/22 下午 02:06:57,https://odportal.tw/dataset/YYvBKc-B,https://data.gov.tw/dataset/25527,真資料,1,1,78.0,,text,1,YYvBKc-B,False
國民年金老年基本保證年金及原住民給付新申請案件統計表,政府開放資料平臺,,CSV;JSON;WEBSERVICES;XML,4,OGDL-1.0,2026/7/7 下午 03:37:59,https://odportal.tw/dataset/Y_iBPSq4,https://data.gov.tw/dataset/13346,真資料,4,2,72.0,,text;xml,1,Y_iBPSq4,False
原住民族經濟戶長平均儲蓄金額依教育程度,政府開放資料平臺,,CSV;JSON;XML,3,OGDL-1.0,2026/4/5 下午 04:58:23,https://odportal.tw/dataset/YcPKdKqN,https://data.gov.tw/dataset/145221,真資料,3,2,5.0,,json;text,1,YcPKdKqN,False
高雄市原住民戶口數年終統計,政府開放資料平臺,,JSON,1,OGDL-1.0,2025/6/30 下午 09:37:55,https://odportal.tw/dataset/YcWoOZxq,https://data.gov.tw/dataset/157259,真資料,1,1,1654.0,,json,1,YcWoOZxq,False
臺灣原住民族圖書資訊中心研究資源目錄,政府開放資料平臺,,CSV;JSON;XML,3,OGDL-1.0,2026/4/5 下午 04:52:10,https://odportal.tw/dataset/Yd1SrUX5,https://data.gov.tw/dataset/137720,真資料,3,2,43.0,,json;text,1,Yd1SrUX5,False
桃園市原住民族低收入戶人數每年統計,政府開放資料平臺;桃園市政府,主計處,CSV,1,OGDL-1.0,2026/8/7 下午 06:26:16,https://odportal.tw/dataset/YeiH6nYm,https://opendata.tycg.gov.tw/datalist/aa2ecd74-d90e-498b-be48-f3079f983845,真資料,1,1,15.0,,text,2,YeiH6nYm;uFLjxvJa,False
高雄市原民會族語學習教室,高雄市政府,原民會,CSV;JSON,2,OGDL-1.0,2025/4/10 下午 06:29:23,https://odportal.tw/dataset/YtUzypKe,https://data.kcg.gov.tw/DataSet/Detail/7cfb2d37-693f-4ace-b465-67738ee8b5e6,真資料,2,2,10.0,,json;text,1,YtUzypKe,False
10411-01-47-2 臺中市國民小學補習學校原住民學生數,政府開放資料平臺;臺中市政府,臺中市政府教育局,CSV;JSON;XML,19,OGDL-1.0,2026/8/11 上午 11:43:14,https://odportal.tw/dataset/ZAJp88-2,https://opendata.taichung.gov.tw/search/66a5f284-ae17-4c89-936e-0d56d9d0322f,真資料,19,3,102.0,,json,2,ZAJp88-2;qGgh9SeJ,True
澎湖縣西嶼鄉原住民統計(113年1月起至114年1月止),澎湖縣政府,西嶼戶政事務所,CSV;JSON;XML,3,UNKNOWN,2026/6/2 上午 01:30:25,https://odportal.tw/dataset/ZS_BKC0E,http://opendata.penghu.gov.tw/dataset/376561504a-2025-01-20-1737363985,真資料,3,2,35.0,,json;text,1,ZS_BKC0E,False
國民中小學清寒原住民學生助學金核發統計表,政府開放資料平臺,,CSV;JSON;XML,3,OGDL-1.0,2026/4/5 下午 04:45:01,https://odportal.tw/dataset/ZT2JPHb5,https://data.gov.tw/dataset/151915,真資料,3,2,8.0,,json;text,1,ZT2JPHb5,False
中老年慢性病宣導教材原住民語翻譯稿件(布農族),政府開放資料平臺,,PDF,1,OGDL-1.0,2026/4/13 上午 10:51:04,https://odportal.tw/dataset/ZVLcXhwP,https://data.gov.tw/dataset/177390,二進位,1,1,,,pdf,1,ZVLcXhwP,False
原住民族教育調查統計之歷年原住民國中一年級族語能力比較,政府開放資料平臺,,CSV;JSON;XML,3,OGDL-1.0,2026/4/5 下午 05:12:01,https://odportal.tw/dataset/ZWw-3noU,https://data.gov.tw/dataset/170576,真資料,3,2,89.0,,json;text,1,ZWw-3noU,False
原住民族家庭經濟戶長就業情形依區域,政府開放資料平臺,,CSV;JSON;XML,3,OGDL-1.0,2026/4/5 下午 04:58:45,https://odportal.tw/dataset/Zc1nHjTu,https://data.gov.tw/dataset/145194,真資料,3,2,20.0,,json;text,1,Zc1nHjTu,False
原住民族委員原住民族文化發展中心對直轄市及縣市政府原住民文化館改善計畫補助情形,政府開放資料平臺,,CSV;JSON;XML,3,OGDL-1.0,2026/4/5 下午 05:02:46,https://odportal.tw/dataset/Ziyj0qxZ,https://data.gov.tw/dataset/165266,真資料,3,2,136.0,,json;text,1,Ziyj0qxZ,False
108年現住原住民人口數按性別、年齡及原住民身分分,政府開放資料平臺,,CSV;JSON,12,OGDL-1.0,2025/12/30 下午 02:18:02,https://odportal.tw/dataset/ZxbXHIjC,https://data.gov.tw/dataset/85867,真資料,12,2,344.0,,json;text,1,ZxbXHIjC,False
115年現住原住民人口數按性別、原住民身分及族別分,臺南市政府,臺南市政府民政局,CSV;JSON,2,OGDL-1.0,2026/7/13 上午 11:55:50,https://odportal.tw/dataset/_1HDZJQX,https://data.tainan.gov.tw/DataSet/Detail/bd469c3a-2e61-47d7-9d9a-d5089d55b360,真資料,2,2,114.0,,html;text,1,_1HDZJQX,False
現住原住民族婚姻現況,政府開放資料平臺,,CSV,1,OGDL-1.0,2025/12/8 下午 02:01:20,https://odportal.tw/dataset/_8Jy5l2I,https://data.gov.tw/dataset/124571,真資料,1,1,1620.0,,text,1,_8Jy5l2I,False
臺北市特殊教育學校原住民學生數,政府開放資料平臺,,CSV,1,OGDL-1.0,2026/6/18 上午 11:10:33,https://odportal.tw/dataset/_8Ojwa3y,https://data.gov.tw/dataset/157944,真資料,1,1,18.0,,text,1,_8Ojwa3y,False
現住原住民年齡分配,政府開放資料平臺,,CSV,1,OGDL-1.0,2026/8/2 上午 01:02:56,https://odportal.tw/dataset/_BJMg0Jv,https://data.gov.tw/dataset/129398,失效,1,1,,,,1,_BJMg0Jv,False
高雄市年底原住民人口數,政府開放資料平臺,,JSON,1,OGDL-1.0,2025/9/5 下午 04:46:08,https://odportal.tw/dataset/_GIjyAXM,https://data.gov.tw/dataset/127021,真資料,1,1,12.0,,json,1,_GIjyAXM,False
臺南市各區區公所原住民服務窗口連絡電話,臺南市政府,臺南市政府原住民族事務委員會,CSV;JSON,4,OGDL-1.0,2025/12/23 下午 03:07:02,https://odportal.tw/dataset/_Jwv-u41,https://data.tainan.gov.tw/DataSet/Detail/b4052ac3-a8b1-4288-bb6a-dca371430f52,真資料,4,2,37.0,,text,1,_Jwv-u41,False
115年3月基隆市原住民人口按性別及族別,政府開放資料平臺,,CSV,1,OGDL-1.0,2026/4/1 下午 04:08:46,https://odportal.tw/dataset/_c74ChWr,https://data.gov.tw/dataset/59131,真資料,1,1,98.0,,text,1,_c74ChWr,False
113年澎湖縣馬公市各里現住人口數按性別及原住民身分分,政府開放資料平臺,,CSV;JSON;XML,3,OGDL-1.0,2026/8/7 下午 04:29:22,https://odportal.tw/dataset/_ikLF8R6,https://data.gov.tw/dataset/167636,失效,3,2,,,,1,_ikLF8R6,False
統計區原住民十歲年齡組人口統計,政府開放資料平臺,,XML,44,OGDL-1.0,2026/5/26 下午 04:20:38,https://odportal.tw/dataset/_ioL5whz,https://data.gov.tw/dataset/18657,真資料,44,2,571.0,,xml,1,_ioL5whz,False
臺北市政府原住民族事務委員會職業訓練生活津貼差額補助及學費材料費補助年度申請統計,臺北市政府,原民會,CSV,1,,2026/6/17 上午 10:07:59,https://odportal.tw/dataset/a10QNhxk,https://data.taipei/dataset/detail?id=6bb50140-afdd-4882-bb90-fff17a2a7dfc,網址無效,1,1,,,,1,a10QNhxk,False
原住民族文化元素與部落資源運用情形-按縣市別分,政府開放資料平臺,,CSV;JSON;XML,3,OGDL-1.0,2026/4/3 上午 12:37:28,https://odportal.tw/dataset/a5DUY8sh,https://data.gov.tw/dataset/174313,真資料,3,2,42.0,,json;text,1,a5DUY8sh,False
資賦優異類原住民子女統計-按族群,政府開放資料平臺,,CSV,1,OGDL-1.0,2026/5/14 下午 02:45:06,https://odportal.tw/dataset/a66BK2Hm,https://data.gov.tw/dataset/157979,真資料,1,1,22.0,,text,1,a66BK2Hm,False
新北市各區區公所原住民服務窗口,政府開放資料平臺,,CSV,1,OGDL-1.0,2025/12/1 上午 11:40:47,https://odportal.tw/dataset/aCWzEqLk,https://data.gov.tw/dataset/124888,真資料,1,1,29.0,,text,1,aCWzEqLk,False
澎湖縣馬公市110年各里住人口數按性別及原住民身分分,政府開放資料平臺;澎湖縣政府,馬公戶政事務所,CSV;JSON;XML,3,OGDL-1.0,2026/7/3 上午 12:02:46,https://odportal.tw/dataset/n-e2Sd9H,http://opendata.penghu.gov.tw/dataset/utq6001-2021-02-04-1612400617,真資料,3,2,1224.0,,json;text,2,adzFaPJ6;n-e2Sd9H,False
臺南市原住民文化表演團體,政府開放資料平臺,,CSV;JSON,2,OGDL-1.0,2025/12/23 下午 02:15:36,https://odportal.tw/dataset/afsnExQi,https://data.gov.tw/dataset/143199,真資料,2,2,3.0,,json;text,1,afsnExQi,False
原住民族經濟戶長目前投資情形依性別,政府開放資料平臺,,CSV;JSON;XML,3,OGDL-1.0,2026/5/11 下午 05:01:28,https://odportal.tw/dataset/agdMoyB_,https://data.gov.tw/dataset/145224,真資料,3,2,2.0,,json;text,1,agdMoyB_,False
直轄市原住民區區長辦公位址轉換點位圖,政府開放資料平臺,,API;CSV,2,OGDL-1.0,2025/12/4 下午 06:13:36,https://odportal.tw/dataset/apMbttq7,https://data.gov.tw/dataset/73241,真資料,2,2,6.0,,text,1,apMbttq7,False
15歲以上現住原住民人口數按性別、原住民身分及教育程度分,政府開放資料平臺,,CSV;JSON,11,OGDL-1.0,2026/3/6 下午 12:51:01,https://odportal.tw/dataset/azwsWhgS,https://data.gov.tw/dataset/32942,真資料,11,2,3199.0,,json;text,1,azwsWhgS,False
原住民族委員會單位預算補助地方政府,政府開放資料平臺,,CSV;JSON;XML,3,OGDL-1.0,2026/4/3 上午 01:41:39,https://odportal.tw/dataset/azzrXbxu,https://data.gov.tw/dataset/137796,連結殼,3,2,22.0,檔案pdf,json;text,1,azzrXbxu,False
55個原住民族鄉鎮市區,政府開放資料平臺,,CSV;JSON;XML,3,OGDL-1.0,2026/5/26 下午 03:39:01,https://odportal.tw/dataset/b-xyU8mb,https://data.gov.tw/dataset/163124,連結殼,3,2,55.0,網址,json;text,1,b-xyU8mb,False
彰化縣各鄉鎮市現住原住民人口數按性別、原住民身分及族別分統計表,政府開放資料平臺,,CSV,1,OGDL-1.0,2026/8/6 下午 02:19:42,https://odportal.tw/dataset/b7pt4XL-,https://data.gov.tw/dataset/33605,真資料,1,1,104.0,,text,1,b7pt4XL-,False
原民會補助原住民保險費分布,政府開放資料平臺,,CSV,1,OGDL-1.0,2026/7/16 下午 01:40:38,https://odportal.tw/dataset/bFynZeHP,https://data.gov.tw/dataset/26773,真資料,1,1,4626.0,,text,1,bFynZeHP,False
台閩原住民族人口-按原民身分別,政府開放資料平臺,,CSV;JSON;XML,3,OGDL-1.0,2026/5/21 下午 03:59:06,https://odportal.tw/dataset/bIWq4DvU,https://data.gov.tw/dataset/145935,真資料,3,2,104.0,,json;text,1,bIWq4DvU,False
112年現住原住民人口數按性別、原住民身分及族別分,臺南市政府,臺南市政府民政局,CSV;JSON,24,OGDL-1.0,2026/5/4 上午 10:51:51,https://odportal.tw/dataset/bIpn8_-I,https://data.tainan.gov.tw/DataSet/Detail/486e4d92-0345-4bb1-b619-dbc5198f95f8,真資料,24,2,342.0,,html;text,1,bIpn8_-I,False
連江縣國民中學原住民學生數－族別,政府開放資料平臺,,PDF,1,OGDL-1.0,2021/12/8 下午 02:15:11,https://odportal.tw/dataset/bQybCuWZ,https://data.gov.tw/dataset/146857,二進位,1,1,,,pdf,1,bQybCuWZ,False
原住民族委員會原住民廠商得標採購案件,政府開放資料平臺,,CSV;JSON;XML,3,OGDL-1.0,2026/4/5 下午 05:02:11,https://odportal.tw/dataset/bVXs7TJc,https://data.gov.tw/dataset/129531,真資料,3,2,86.0,,json;text,1,bVXs7TJc,False
臺灣原住民族圖書資訊中心典藏書目總數,政府開放資料平臺,,CSV;JSON;XML,3,OGDL-1.0,2026/4/5 下午 04:49:25,https://odportal.tw/dataset/bdyzSflw,https://data.gov.tw/dataset/137719,真資料,3,2,5.0,,json;text,1,bdyzSflw,False
臺北市原民會族語學習教室,政府開放資料平臺,,CSV,1,OGDL-1.0,2025/12/12 下午 03:35:57,https://odportal.tw/dataset/bjUPvnrX,https://data.gov.tw/dataset/134933,真資料,1,1,6.0,,text,1,bjUPvnrX,False
109年現住原住民人口數按性別、年齡及原住民身分分,臺南市政府,臺南市政府民政局,CSV;JSON,24,OGDL-1.0,2026/5/4 上午 10:51:51,https://odportal.tw/dataset/bpfFYdeX,https://data.tainan.gov.tw/DataSet/Detail/8e54cb3e-f76b-4f71-812a-cce4fd7278d5,真資料,24,2,344.0,,html;text,1,bpfFYdeX,False
原住民保留地權利回復-所有權-成果筆數及面積,政府開放資料平臺,,CSV;JSON;XML,3,OGDL-1.0,2026/4/5 下午 04:55:39,https://odportal.tw/dataset/bv-Z0PFv,https://data.gov.tw/dataset/156630,真資料,3,2,8.0,,json;text,1,bv-Z0PFv,False
109年現住原住民人口數按性別、年齡及原住民身分分,政府開放資料平臺,,CSV;JSON,12,OGDL-1.0,2025/12/30 下午 02:33:20,https://odportal.tw/dataset/cFkadbf0,https://data.gov.tw/dataset/120042,真資料,12,2,344.0,,json;text,1,cFkadbf0,False
宜居建設計畫-提升部落居住環境品質核定明細-設計,政府開放資料平臺,,CSV;JSON;XML,3,OGDL-1.0,2026/4/3 上午 12:25:11,https://odportal.tw/dataset/cLytMD9W,https://data.gov.tw/dataset/157648,真資料,3,2,44.0,,json;text,1,cLytMD9W,False
嘉義縣各鄉鎮市原住民族群人口統計,政府開放資料平臺,,CSV,1,OGDL-1.0,2026/7/1 下午 02:09:01,https://odportal.tw/dataset/cOIXZmmJ,https://data.gov.tw/dataset/122668,失效,1,1,,,,1,cOIXZmmJ,False
原住民族家庭經濟戶長對原住民綜合發展基金貸款需求依教育程度,政府開放資料平臺,,CSV;JSON;XML,3,OGDL-1.0,2026/4/5 下午 04:46:54,https://odportal.tw/dataset/cainDWU4,https://data.gov.tw/dataset/145197,真資料,3,2,5.0,,json;text,1,cainDWU4,False
推動原住民多元產業發展2.0計畫-部落產業升級三年推動計畫核定列表,政府開放資料平臺,,CSV;JSON;XML,3,OGDL-1.0,2026/4/5 下午 04:55:05,https://odportal.tw/dataset/chVzXL3P,https://data.gov.tw/dataset/161513,真資料,3,2,25.0,,json;text,1,chVzXL3P,False
新竹縣原住民部落文化健康站,政府開放資料平臺,,CSV;JSON;XLSX;XML,4,OGDL-1.0,2024/10/14 下午 03:46:01,https://odportal.tw/dataset/cvZEBRaV,https://data.gov.tw/dataset/130809,真資料,4,2,25.0,,json;zip,1,cvZEBRaV,False
10730-05-17-2 臺中市原住民身心障礙者之年齡分配,政府開放資料平臺;臺中市政府,臺中市政府社會局,CSV;JSON;XML,69,OGDL-1.0,2026/8/7 上午 01:29:25,https://odportal.tw/dataset/pEX7Nza3,https://opendata.taichung.gov.tw/search/51f04a47-b9d5-4c25-9c89-d18667d8163d,空資料,69,4,0.0,,json,2,cwEYoCiK;pEX7Nza3,False
臺北市政府原住民族事務委員會職業訓練生活津貼差額補助及學費材料費補助年度申請統計,政府開放資料平臺,,CSV,1,OGDL-1.0,2026/6/17 上午 10:08:00,https://odportal.tw/dataset/d-RTI5VI,https://data.gov.tw/dataset/134666,真資料,1,1,14.0,,text,1,d-RTI5VI,False
臺北市各級學校原住民學生數,臺北市政府,教育局,CSV,1,,2025/6/13 下午 04:30:47,https://odportal.tw/dataset/dOPtVLhK,https://data.taipei/dataset/detail?id=9102bdb0-9863-42df-a59c-6fb5806f2935,網址無效,1,1,,,,1,dOPtVLhK,False
112年現住原住民人口數按性別、原住民身分及族別分,政府開放資料平臺,,CSV;JSON,12,OGDL-1.0,2025/8/19 下午 03:21:19,https://odportal.tw/dataset/dTSnHZwM,https://data.gov.tw/dataset/161424,真資料,12,2,342.0,,json;text,1,dTSnHZwM,False
臺南市國民小學原住民學生數,政府開放資料平臺,,CSV;JSON,8,OGDL-1.0,2026/7/3 上午 10:05:37,https://odportal.tw/dataset/dVHw7-Fu,https://data.gov.tw/dataset/152468,真資料,8,2,17.0,,json;text,1,dVHw7-Fu,False
屏東縣原住民家庭服務中心名冊,政府開放資料平臺,,CSV,2,OGDL-1.0,2023/8/31 下午 11:26:06,https://odportal.tw/dataset/dZBoN_Xg,https://data.gov.tw/dataset/90584,真資料,2,2,8.0,,text,1,dZBoN_Xg,False
中老年慢性病宣導教材原住民語翻譯稿件(阿美族),政府開放資料平臺,,PDF,1,OGDL-1.0,2026/4/13 上午 10:50:56,https://odportal.tw/dataset/dbhdsVl1,https://data.gov.tw/dataset/177389,二進位,1,1,,,pdf,1,dbhdsVl1,False
原住民族委員會單位預算表,政府開放資料平臺,,CSV;JSON;XML,3,OGDL-1.0,2026/4/5 下午 05:16:22,https://odportal.tw/dataset/dcDJCXpG,https://data.gov.tw/dataset/112721,連結殼,3,2,12.0,檔案pdf,json;text,1,dcDJCXpG,False
10730-05-16-2 臺中市原住民身心障礙人數,政府開放資料平臺;臺中市政府,臺中市政府社會局,CSV;JSON;XML,6,OGDL-1.0,2026/8/7 下午 01:48:30,https://odportal.tw/dataset/fWOUyZvR,https://opendata.taichung.gov.tw/search/f87299e5-f1dd-4923-a1d6-41508189d787,真資料,6,3,392.0,,json;xml,2,dcTZzm6b;fWOUyZvR,False
全國原住民族任公務人員人數,政府開放資料平臺,,CSV,1,OGDL-1.0,2026/6/30 下午 05:00:07,https://odportal.tw/dataset/dcloSD5h,https://data.gov.tw/dataset/166479,真資料,1,1,332.0,,text,1,dcloSD5h,False
統計區原住民15歲以上人口十歲年齡組教育程度人口統計,政府開放資料平臺,,XML,44,OGDL-1.0,2026/5/26 下午 04:35:05,https://odportal.tw/dataset/dyqsJ0lr,https://data.gov.tw/dataset/18670,真資料,44,2,96.0,,xml,1,dyqsJ0lr,False
臺北市原住民福利人數資料統計表含原住民人口數,政府開放資料平臺,,CSV,10,OGDL-1.0,2026/2/11 上午 10:59:36,https://odportal.tw/dataset/e1nny0mM,https://data.gov.tw/dataset/134630,真資料,10,2,72.0,,text,1,e1nny0mM,False
原住民族家庭總收入分析－依行政區域及統計區域分,政府開放資料平臺,,CSV;JSON;XML,3,OGDL-1.0,2026/4/5 下午 04:57:07,https://odportal.tw/dataset/e7PCVVyN,https://data.gov.tw/dataset/91817,真資料,3,2,25.0,,json;text,1,e7PCVVyN,False
原住民族概況,政府開放資料平臺,,CSV,1,OGDL-1.0,2025/11/28 下午 03:01:47,https://odportal.tw/dataset/egytcg1o,https://data.gov.tw/dataset/123594,真資料,1,1,19.0,,text,1,egytcg1o,False
新北市各區原住民人數統計表,新北市政府,新北市政府原住民族行政局/秘書室,XLS,1,OGDL-1.0,2025/12/1 上午 11:40:02,https://odportal.tw/dataset/ek-RvS7Y,https://data.ntpc.gov.tw/datasets/0de9326d-22ed-4ac7-8491-65bec2758af9,HTML殼,1,1,,,html,1,ek-RvS7Y,False
原住民族語直播共學參與學校一覽表,政府開放資料平臺,,CSV;JSON;XML,3,OGDL-1.0,2026/5/26 下午 03:38:42,https://odportal.tw/dataset/ex1A4Fqi,https://data.gov.tw/dataset/156599,真資料,3,2,882.0,,json;text,1,ex1A4Fqi,False
統計區原住民十歲年齡組性別人口統計,政府開放資料平臺,,XML,44,OGDL-1.0,2026/5/26 下午 04:13:24,https://odportal.tw/dataset/eyLQQTP9,https://data.gov.tw/dataset/18665,真資料,44,2,283.0,,xml,1,eyLQQTP9,False
115年現住人口數按性別及原住民身分分,臺南市政府,臺南市政府民政局,CSV;JSON,2,OGDL-1.0,2026/7/13 上午 11:32:35,https://odportal.tw/dataset/f0DqliB4,https://data.tainan.gov.tw/DataSet/Detail/46ea52f9-809f-4307-a5d3-1670019c18da,真資料,2,2,114.0,,html;text,1,f0DqliB4,False
桃園市原住民族公共服務資源,政府開放資料平臺;桃園市政府,原住民族行政局,CSV,1,OGDL-1.0,2026/7/3 上午 10:10:30,https://odportal.tw/dataset/f3B_hvsj,https://opendata.tycg.gov.tw/datalist/5eb99b91-2361-46af-bbd9-4070ecca1d88,真資料,1,1,12.0,,text,2,f3B_hvsj;q9w43_aP,False
高雄市原住民人數,高雄市政府,主計處,,0,OGDL-1.0,2025/6/30 下午 09:05:54,https://odportal.tw/dataset/fIuMs6ni,https://data.kcg.gov.tw/DataSet/Detail/2c8d1a61-a494-4324-9aa6-36c657ccbbe8,無資源,0,0,,,,1,fIuMs6ni,False
澎湖縣馬公市108年各里現住人口數按性別及原住民身分分,政府開放資料平臺;澎湖縣政府,馬公戶政事務所,CSV;JSON;XML,3,OGDL-1.0,2026/7/18 上午 12:01:11,https://odportal.tw/dataset/fJbFoTUc,http://opendata.penghu.gov.tw/dataset/pwq7407-2019-02-13-1550040102,真資料,3,2,1224.0,,json;text,2,fJbFoTUc;iYaVyJFI,False
10411-01-43-2 臺中市特殊教育學校原住民學生數,政府開放資料平臺;臺中市政府,臺中市政府教育局,CSV;JSON;XML,21,OGDL-1.0,2026/8/10 下午 09:55:53,https://odportal.tw/dataset/h2g2WUEm,https://opendata.taichung.gov.tw/search/787f4d48-3bed-484c-b4f5-14c73719ade9,真資料,21,3,136.0,,json,2,fJg0vLbU;h2g2WUEm,True
原住民族委員會檔案應用申請列表,政府開放資料平臺,,CSV;JSON;XML,3,OGDL-1.0,2026/4/5 下午 04:53:39,https://odportal.tw/dataset/fNNcZDxC,https://data.gov.tw/dataset/79941,真資料,3,2,15.0,,json;text,1,fNNcZDxC,False
臺北市政府依法進用原住民概況,政府開放資料平臺,,CSV;ODS,3,OGDL-1.0,2026/6/24 下午 03:07:12,https://odportal.tw/dataset/fQY9cqf7,https://data.gov.tw/dataset/130374,真資料,3,2,7.0,,text,1,fQY9cqf7,False
原住民族部落位置GIS點位表,政府開放資料平臺,,CSV;JSON;XML,3,OGDL-1.0,2026/5/26 下午 03:38:54,https://odportal.tw/dataset/fX7GYjeD,https://data.gov.tw/dataset/156632,真資料,3,2,739.0,,json;text,1,fX7GYjeD,False
原住民族部落活力計畫執行成果簡表,政府開放資料平臺,,CSV;JSON;XML,3,OGDL-1.0,2026/4/5 下午 04:51:54,https://odportal.tw/dataset/faa6XT_7,https://data.gov.tw/dataset/138902,真資料,3,2,7.0,,json;text,1,faa6XT_7,False
現住原住民族戶口數(民國101年以後),新北市政府,新北市政府主計處/公務統計科,XLSX,1,OGDL-1.0,2025/12/8 下午 01:51:18,https://odportal.tw/dataset/feaRbH_M,https://data.ntpc.gov.tw/datasets/65cee188-8683-41db-887c-785caea81ea2,HTML殼,1,1,,,html,1,feaRbH_M,False
各級學校原住民學生人數結構,政府開放資料平臺,,CSV;JSON,6,OGDL-1.0,2026/5/7 上午 11:42:38,https://odportal.tw/dataset/fv5vROaI,https://data.gov.tw/dataset/33508,真資料,6,2,132.0,,text,1,fv5vROaI,False
臺北市原住民學前教育及兒童托育補助情形,政府開放資料平臺,,CSV,1,OGDL-1.0,2026/2/11 上午 10:59:44,https://odportal.tw/dataset/fy3VU9lk,https://data.gov.tw/dataset/134657,真資料,1,1,22.0,,text,1,fy3VU9lk,False
原住民族歲時祭儀放假日期,政府開放資料平臺,,CSV;JSON;XML,3,OGDL-1.0,2026/4/5 下午 05:01:21,https://odportal.tw/dataset/g0e75_if,https://data.gov.tw/dataset/164651,真資料,3,2,66.0,,json;text,1,g0e75_if,False
臺北市原住民年齡分配,政府開放資料平臺,,CSV,1,OGDL-1.0,2026/3/18 上午 09:31:36,https://odportal.tw/dataset/g98twP47,https://data.gov.tw/dataset/132222,真資料,1,1,57.0,,text,1,g98twP47,False
臺南市原住民族綜合發展基金貸款統計,臺南市政府,臺南市政府原住民族事務委員會,CSV;JSON,2,OGDL-1.0,2026/7/23 下午 03:25:03,https://odportal.tw/dataset/gLl_wFM6,https://data.tainan.gov.tw/DataSet/Detail/03cbe9b6-a35b-4960-900f-391f607d6036,真資料,2,2,1.0,,html;text,1,gLl_wFM6,False
臺北市原住民年齡分配,臺北市政府,主計處,CSV,1,,2026/3/18 上午 09:31:35,https://odportal.tw/dataset/gT1oCJwy,https://data.taipei/dataset/detail?id=2a4abdc6-55cd-40e2-b5bb-180d137b640e,網址無效,1,1,,,,1,gT1oCJwy,False
原住民族委員會查核金額採購案件,政府開放資料平臺,,CSV;JSON;XML,3,OGDL-1.0,2026/4/5 下午 04:56:25,https://odportal.tw/dataset/gcULTWn1,https://data.gov.tw/dataset/129530,真資料,3,2,19.0,,json;text,1,gcULTWn1,False
桃園市原住民族學生清寒獎助金及優秀獎學金獎勵情形,政府開放資料平臺;桃園市政府,原住民族行政局,CSV,1,OGDL-1.0,2026/7/28 上午 11:46:38,https://odportal.tw/dataset/kRJ69HDN,https://opendata.tycg.gov.tw/datalist/26f55a84-9f8e-4aed-8fce-636955bcbc65,真資料,1,1,4.0,,text,2,gjn2AtS8;kRJ69HDN,False
原住民族經濟戶長年齡分布－按區域分,政府開放資料平臺,,CSV;JSON;XML,3,OGDL-1.0,2026/4/5 下午 04:59:35,https://odportal.tw/dataset/goOFYChu,https://data.gov.tw/dataset/91820,真資料,3,2,15.0,,json;text,1,goOFYChu,False
臺北市原住民家庭服務中心,政府開放資料平臺,,CSV,1,OGDL-1.0,2026/6/17 上午 11:57:25,https://odportal.tw/dataset/gp6Xva67,https://data.gov.tw/dataset/134633,真資料,1,1,6.0,,text,1,gp6Xva67,False
高雄市現住原住民婚姻狀況,政府開放資料平臺,,JSON,1,OGDL-1.0,2025/6/30 下午 09:45:50,https://odportal.tw/dataset/gyt3oe1N,https://data.gov.tw/dataset/155833,真資料,1,1,14.0,,json,1,gyt3oe1N,False
原住民保留地都市土地使用分區統計表,政府開放資料平臺,,CSV;JSON;XML,3,OGDL-1.0,2026/4/5 下午 05:12:50,https://odportal.tw/dataset/h-QzsCtk,https://data.gov.tw/dataset/170606,真資料,3,2,1248.0,,json;text,1,h-QzsCtk,False
新竹縣各鄉鎮市現住原住民人口數按性別、原住民身分及族別分,政府開放資料平臺,,CSV;XLSX;XML,3,OGDL-1.0,2025/9/21 下午 07:20:21,https://odportal.tw/dataset/hAewinSJ,https://data.gov.tw/dataset/109370,真資料,3,2,126.0,,xml;zip,1,hAewinSJ,False
台灣原住民族文化園區文化體驗時間表,政府開放資料平臺,,CSV;JSON;XML,3,OGDL-1.0,2026/4/5 下午 04:55:20,https://odportal.tw/dataset/hHCey2Y4,https://data.gov.tw/dataset/10076,真資料,3,2,22.0,URL,json;text,1,hHCey2Y4,False
原住民族就業者從事非典型就業工作的原因-按工作狀況分-108年前,政府開放資料平臺,,CSV;JSON;XML,3,OGDL-1.0,2026/4/5 下午 05:10:23,https://odportal.tw/dataset/hf4VkRE0,https://data.gov.tw/dataset/161542,真資料,3,2,146.0,,json;text,1,hf4VkRE0,False
公益彩券回饋金指標型計畫–推動原住民族環境友善農業多態模式加值推廣計畫核定名單,政府開放資料平臺,,CSV;JSON;XML,3,OGDL-1.0,2026/4/5 下午 04:47:43,https://odportal.tw/dataset/hfHa1sVJ,https://data.gov.tw/dataset/157701,真資料,3,2,23.0,,json;text,1,hfHa1sVJ,False
原住民且身心障礙退除役官兵人數按年齡及性別分,政府開放資料平臺,,CSV,1,OGDL-1.0,2026/5/27 下午 03:06:34,https://odportal.tw/dataset/hhQT9lvb,https://data.gov.tw/dataset/172157,真資料,1,1,84.0,,text,1,hhQT9lvb,False
原住民族綜合發展基金會計月報,政府開放資料平臺,,CSV;JSON;XML,3,OGDL-1.0,2026/4/5 下午 05:16:43,https://odportal.tw/dataset/hliA4Nwk,https://data.gov.tw/dataset/137691,連結殼,3,2,142.0,檔案下載,json;text,1,hliA4Nwk,False
原住民保留地範圍資訊,政府開放資料平臺,,CSV;JSON;XML,3,OGDL-1.0,2026/4/5 下午 04:45:19,https://odportal.tw/dataset/hsKdAqS4,https://data.gov.tw/dataset/33685,真資料,3,2,4.0,,json;text,1,hsKdAqS4,False
111年公務人員特種考試原住民族考試(第二試),政府開放資料平臺,,ZIP,1,OGDL-1.0,2023/12/18 上午 09:25:26,https://odportal.tw/dataset/i1rm-feO,https://data.gov.tw/dataset/164812,二進位,1,1,,,zip,1,i1rm-feO,False
113年公務人員特種考試原住民族考試(第二試),政府開放資料平臺,,ZIP,1,OGDL-1.0,2024/12/27 上午 10:55:44,https://odportal.tw/dataset/i7ej9mOv,https://data.gov.tw/dataset/172211,二進位,1,1,,,zip,1,i7ej9mOv,False
直轄市原住民區長,政府開放資料平臺,,CSV,1,OGDL-1.0,2025/12/20 上午 01:46:54,https://odportal.tw/dataset/iFbcZbqg,https://data.gov.tw/dataset/10049,連結殼,1,1,1.0,連結網址,text,1,iFbcZbqg,False
臺灣原住民族古道簡介資料,政府開放資料平臺,,CSV;JSON;XML,3,OGDL-1.0,2026/4/3 上午 12:28:26,https://odportal.tw/dataset/iJSc4Ktj,https://data.gov.tw/dataset/166817,真資料,3,2,8.0,,json;text,1,iJSc4Ktj,False
培育原住民族社會工作專業人才獎勵統計表,政府開放資料平臺,,CSV;JSON;XML,3,OGDL-1.0,2026/4/5 下午 05:09:16,https://odportal.tw/dataset/iLmHP6jL,https://data.gov.tw/dataset/112685,真資料,3,2,16.0,,json;text,1,iLmHP6jL,False
臺北市國民中、小學原住民學生中途輟學概況,政府開放資料平臺,,CSV,1,OGDL-1.0,2026/3/15 上午 11:45:19,https://odportal.tw/dataset/iVFGQo_2,https://data.gov.tw/dataset/131252,真資料,1,1,22.0,,text,1,iVFGQo_2,False
原住民族勞動參與情形－按人口特性分,政府開放資料平臺,,CSV;JSON;XML,3,OGDL-1.0,2026/4/5 下午 04:47:36,https://odportal.tw/dataset/iVvcXSZ1,https://data.gov.tw/dataset/91824,真資料,3,2,22.0,,json;text,1,iVvcXSZ1,False
原住民族就業者目前場所工作年資狀況-按人口特性分,政府開放資料平臺,,CSV;JSON;XML,3,OGDL-1.0,2026/4/5 下午 05:08:49,https://odportal.tw/dataset/iYfpIi3R,https://data.gov.tw/dataset/161530,真資料,3,2,277.0,,json;text,1,iYfpIi3R,False
高級中等學校及國民中小學原住民族學生數,新北市政府,新北市政府主計處/公務統計科,XLSX,1,OGDL-1.0,2025/12/8 上午 11:55:46,https://odportal.tw/dataset/i_3bbwrB,https://data.ntpc.gov.tw/datasets/335d613e-fe51-4dc2-990b-9099f945cdd9,HTML殼,1,1,,,html,1,i_3bbwrB,False
統計區原住民人口統計,政府開放資料平臺,,XML,44,OGDL-1.0,2026/5/26 下午 04:10:19,https://odportal.tw/dataset/id9FRSuX,https://data.gov.tw/dataset/18645,真資料,44,2,665.0,,xml,1,id9FRSuX,False
原住民族教育調查統計,政府開放資料平臺,,CSV;JSON;XML,3,OGDL-1.0,2026/4/5 下午 04:55:53,https://odportal.tw/dataset/iewVW43W,https://data.gov.tw/dataset/137774,連結殼,3,2,6.0,檔案pdf,json;text,1,iewVW43W,False
大專校院原住民學生及畢業生人數—按年級別、等級別與性別分,政府開放資料平臺,,CSV;JSON,5,OGDL-1.0,2026/5/5 下午 01:48:52,https://odportal.tw/dataset/j4OTGzN8,https://data.gov.tw/dataset/33513,真資料,5,2,262.0,,json,1,j4OTGzN8,False
原住民族地區國小名錄,政府開放資料平臺,,CSV;JSON,6,OGDL-1.0,2026/4/30 下午 06:05:34,https://odportal.tw/dataset/jEO-osEH,https://data.gov.tw/dataset/28583,真資料,6,2,2495.0,,text,1,jEO-osEH,False
原住民族委員會職員最高教育程度一覽表,政府開放資料平臺,,CSV;JSON;XML,3,OGDL-1.0,2026/4/5 下午 05:16:03,https://odportal.tw/dataset/jGcST1cI,https://data.gov.tw/dataset/156663,真資料,3,2,528.0,,json;text,1,jGcST1cI,False
臺北市原住民部落大學,臺北市政府,主計處,CSV,1,,2026/4/30 上午 09:51:43,https://odportal.tw/dataset/jRcHKUzY,https://data.taipei/dataset/detail?id=349b878c-d404-4f51-916c-f8dd6867ecf9,網址無效,1,1,,,,1,jRcHKUzY,False
原住民族委員會公告金額採購案件,政府開放資料平臺,,CSV;JSON;XML,3,OGDL-1.0,2026/4/5 下午 04:53:55,https://odportal.tw/dataset/jWdIKOFk,https://data.gov.tw/dataset/129527,真資料,3,2,105.0,,json;text,1,jWdIKOFk,False
歷屆原住民運動會資料,政府開放資料平臺,,CSV,1,CC-BY-SA-4.0,2025/10/29 下午 05:11:31,https://odportal.tw/dataset/jg79v4ba,https://data.gov.tw/dataset/6526,真資料,1,1,18.0,,text,1,jg79v4ba,False
學校型態原住民族實驗教育學校名冊,政府開放資料平臺,,CSV,1,OGDL-1.0,2026/5/14 下午 03:23:02,https://odportal.tw/dataset/jmYCoXxp,https://data.gov.tw/dataset/162568,真資料,1,1,169.0,,text,1,jmYCoXxp,False
109年現住人口數按性別及原住民身分分,政府開放資料平臺,,CSV;JSON,12,OGDL-1.0,2025/6/10 上午 11:41:10,https://odportal.tw/dataset/jovFjLbs,https://data.gov.tw/dataset/120045,真資料,12,2,114.0,,json,1,jovFjLbs,False
111年現住人口數按性別及原住民身分分,政府開放資料平臺,,CSV;JSON,24,OGDL-1.0,2025/6/10 上午 11:44:36,https://odportal.tw/dataset/kEBb8SFe,https://data.gov.tw/dataset/148481,真資料,24,2,114.0,,text,1,kEBb8SFe,False
臺北市原住民團體名單,政府開放資料平臺,,CSV,1,OGDL-1.0,2026/6/17 上午 11:57:27,https://odportal.tw/dataset/kT1KtTIL,https://data.gov.tw/dataset/134703,真資料,1,1,72.0,,text,1,kT1KtTIL,False
臺灣原住民族文化園區門票收入及入園人數統計表,政府開放資料平臺,,CSV;JSON;XML,3,OGDL-1.0,2026/4/3 上午 01:05:50,https://odportal.tw/dataset/kV7oFLi7,https://data.gov.tw/dataset/151631,真資料,3,2,93.0,,json;text,1,kV7oFLi7,False
108年外交、民航、稅務人員及原住民族考試(第一試),政府開放資料平臺,,ZIP,1,OGDL-1.0,2023/12/22 上午 11:20:47,https://odportal.tw/dataset/k__Sd6Qp,https://data.gov.tw/dataset/164820,二進位,1,1,,,zip,1,k__Sd6Qp,False
全國原住民族任公務人員概況按官等分,政府開放資料平臺,,CSV,1,OGDL-1.0,2026/7/6 下午 04:22:11,https://odportal.tw/dataset/kgbdGBv_,https://data.gov.tw/dataset/152219,真資料,1,1,374.0,,text,1,kgbdGBv_,False
臺北市原住民戶口數,政府開放資料平臺,,CSV,1,OGDL-1.0,2026/3/18 上午 09:31:34,https://odportal.tw/dataset/kjL5q636,https://data.gov.tw/dataset/132223,真資料,1,1,38.0,,text,1,kjL5q636,False
10414-00-02-2 臺中市高級中等學校原住民應屆畢業生升學就業概況,政府開放資料平臺;臺中市政府,臺中市政府教育局,CSV;JSON;XML,17,OGDL-1.0,2026/8/11 下午 01:34:05,https://odportal.tw/dataset/kkP8W3lp,https://opendata.taichung.gov.tw/search/675d9094-a645-4a23-80d6-b7fe5c8140de,真資料,17,3,340.0,,json,2,kkP8W3lp;s_jGzlzC,True
高雄市原住民部落大學教育參與人次,政府開放資料平臺,,JSON,1,OGDL-1.0,2025/9/5 下午 04:37:00,https://odportal.tw/dataset/km2-_F3b,https://data.gov.tw/dataset/104322,真資料,1,1,12.0,,json,1,km2-_F3b,False
原住民族就業者的行業-按人口特性分,政府開放資料平臺,,CSV;JSON;XML,3,OGDL-1.0,2026/4/5 下午 05:14:20,https://odportal.tw/dataset/knLG_Ie4,https://data.gov.tw/dataset/161535,真資料,3,2,277.0,,json;text,1,knLG_Ie4,False
高雄市原住民族別統計,政府開放資料平臺,,JSON,1,OGDL-1.0,2025/6/16 下午 03:22:32,https://odportal.tw/dataset/ko-Cfojn,https://data.gov.tw/dataset/157260,真資料,1,1,1000.0,,json,1,ko-Cfojn,False
原住民族家庭經濟戶長對原住民綜合發展基金貸款需求依區域,政府開放資料平臺,,CSV;JSON;XML,3,OGDL-1.0,2026/4/5 下午 04:47:04,https://odportal.tw/dataset/kqDQNxr_,https://data.gov.tw/dataset/145203,真資料,3,2,20.0,,json;text,1,kqDQNxr_,False
臺北市原住民婚姻狀況,政府開放資料平臺,,CSV,1,OGDL-1.0,2026/3/18 上午 09:34:27,https://odportal.tw/dataset/l-1V27z_,https://data.gov.tw/dataset/132208,真資料,1,1,57.0,,text,1,l-1V27z_,False
原住民身心障礙者機構式服務生活資材費用補助計畫,政府開放資料平臺,,CSV;JSON;XML,3,OGDL-1.0,2026/4/5 下午 05:00:51,https://odportal.tw/dataset/l5J1wuOz,https://data.gov.tw/dataset/174175,真資料,3,2,29.0,,json;text,1,l5J1wuOz,False
教育部原住民族語文學獎歷屆得獎名單,政府開放資料平臺,,CSV,1,OGDL-1.0,2024/10/15 下午 04:54:25,https://odportal.tw/dataset/l5OA5DVt,https://data.gov.tw/dataset/161867,真資料,1,1,235.0,,text,1,l5OA5DVt,False
10122-00-07-2 臺中市各區 現住原住民人口數按性別、原住民身分及族別分,政府開放資料平臺;臺中市政府,臺中市政府民政局,CSV;JSON;XML,138,OGDL-1.0,2026/8/11 上午 11:36:14,https://odportal.tw/dataset/l68rFnIy,https://opendata.taichung.gov.tw/search/be386338-561e-4e3b-a549-51ae8415aaef,真資料,138,3,556.0,,json,2,l68rFnIy;n6V1cdPm,False
原住民族部落特色道路改善計畫工程經費明細表,政府開放資料平臺,,CSV;JSON;XML,3,OGDL-1.0,2026/4/3 上午 12:18:58,https://odportal.tw/dataset/l92LSLkI,https://data.gov.tw/dataset/137980,真資料,3,2,762.0,,json;text,1,l92LSLkI,False
原住民族籍及族語教師有族語學經驗、通過族語認證人數,政府開放資料平臺,,CSV;JSON;XML,3,OGDL-1.0,2026/4/5 下午 05:09:37,https://odportal.tw/dataset/lUBHJpKn,https://data.gov.tw/dataset/91837,真資料,3,2,30.0,,json;text,1,lUBHJpKn,False
澎湖縣馬公市111年原住民身分分統計資料,澎湖縣政府,馬公戶政事務所,CSV;JSON;XML,3,UNKNOWN,2023/1/7 上午 02:31:19,https://odportal.tw/dataset/lVWEOhYn,http://opendata.penghu.gov.tw/dataset/ka10000-2022-02-11-1644564291,真資料,3,2,1224.0,,json;text,1,lVWEOhYn,False
原住民族委員會未達公告金額採購案件,政府開放資料平臺,,CSV;JSON;XML,3,OGDL-1.0,2026/4/5 下午 05:01:48,https://odportal.tw/dataset/lVv-AOfg,https://data.gov.tw/dataset/129529,真資料,3,2,349.0,,json;text,1,lVv-AOfg,False
臺中市原住民兒少福利補助項目,政府開放資料平臺;臺中市政府,臺中市政府原住民族事務委員會,CSV;XML,3,OGDL-1.0,2026/8/10 上午 01:28:28,https://odportal.tw/dataset/lX2s3FCJ,https://opendata.taichung.gov.tw/search/78946861-4311-433b-a330-4d2fe6b49ad6,連結殼,3,2,1.0,網址,text,2,lX2s3FCJ;s1BSWrpG,False
原住民族失業者希望從事的工作內容-按人口特性分,政府開放資料平臺,,CSV;JSON;XML,3,OGDL-1.0,2026/4/5 下午 05:09:04,https://odportal.tw/dataset/lgALfo3U,https://data.gov.tw/dataset/161518,真資料,3,2,285.0,,json;text,1,lgALfo3U,False
原住民族文化元素與部落資源運用情形-按資本額,政府開放資料平臺,,CSV;JSON;XML,3,OGDL-1.0,2026/4/5 下午 05:12:18,https://odportal.tw/dataset/lgGjNfh4,https://data.gov.tw/dataset/174310,真資料,3,2,14.0,,json;text,1,lgGjNfh4,False
30220-02-06-2 臺中市原住民專門人才獎勵情形,政府開放資料平臺;臺中市政府,臺中市政府原住民族事務委員會,CSV;JSON;XML,24,OGDL-1.0,2026/8/7 上午 01:56:44,https://odportal.tw/dataset/nPS9gRu_,https://opendata.taichung.gov.tw/search/4efce480-4b7c-4bf4-aee8-68ca530a778f,真資料,24,3,5.0,,json,2,lk8Fz3Ys;nPS9gRu_,True
愛部落熱點清單,政府開放資料平臺,,CSV;JSON;XML,3,OGDL-1.0,2026/5/26 下午 03:39:10,https://odportal.tw/dataset/lsy-w5g6,https://data.gov.tw/dataset/164022,真資料,3,2,1970.0,,json;text,1,lsy-w5g6,False
110年公務人員特種考試外交領事人員及外交行政人員考試、民航人員考試、原住民族考試,政府開放資料平臺,,ZIP,1,OGDL-1.0,2023/12/27 下午 04:13:53,https://odportal.tw/dataset/lzLNIYVt,https://data.gov.tw/dataset/164782,二進位,1,1,,,zip,1,lzLNIYVt,False
原住民族概況,新北市政府,新北市政府主計處/公務統計科,XLSX,1,OGDL-1.0,2025/11/28 下午 03:01:46,https://odportal.tw/dataset/m0UAAo4X,https://data.ntpc.gov.tw/datasets/45a8df13-a8d8-4c51-8a74-523315733d8f,HTML殼,1,1,,,html,1,m0UAAo4X,False
臺北市各區區公所原住民服務窗口,臺北市政府,原民會,CSV,1,,2025/10/9 上午 11:18:04,https://odportal.tw/dataset/mG6gJOH7,https://data.taipei/dataset/detail?id=bbf6e7bb-8f0e-462b-bea1-7123802c515e,網址無效,1,1,,,,1,mG6gJOH7,False
前瞻基礎建設計畫之城鄉建設的原民部落營造核定明細,政府開放資料平臺,,CSV;JSON;XML,3,OGDL-1.0,2026/4/5 下午 04:54:23,https://odportal.tw/dataset/mTThXyfH,https://data.gov.tw/dataset/137402,真資料,3,2,257.0,,json;text,1,mTThXyfH,False
114年原住民族家庭服務中心通訊錄,政府開放資料平臺,,XLSX,1,OGDL-1.0,2025/3/17 上午 08:56:22,https://odportal.tw/dataset/maU_SKA2,https://data.gov.tw/dataset/173107,二進位,1,1,,,zip,1,maU_SKA2,False
原住民族經濟戶長目前投資情形依區域,政府開放資料平臺,,CSV;JSON;XML,3,OGDL-1.0,2026/5/11 下午 04:41:27,https://odportal.tw/dataset/mcgvvgCl,https://data.gov.tw/dataset/145230,真資料,3,2,20.0,,json;text,1,mcgvvgCl,False
113年現住原住民人口數按性別、年齡及原住民身分分,政府開放資料平臺,,CSV;JSON,22,OGDL-1.0,2025/12/30 下午 02:24:06,https://odportal.tw/dataset/miePgGfe,https://data.gov.tw/dataset/172186,真資料,22,2,344.0,,json;text,1,miePgGfe,False
臺北市政府暨所屬機關進用原住民人數,政府開放資料平臺,,CSV,1,OGDL-1.0,2026/3/15 上午 11:49:52,https://odportal.tw/dataset/motds43q,https://data.gov.tw/dataset/137738,真資料,1,1,27.0,,text,1,motds43q,False
高級中等學校原住民學生及畢業生人數—按年級別與校別分,政府開放資料平臺,,CSV;JSON,6,OGDL-1.0,2026/7/23 上午 11:14:42,https://odportal.tw/dataset/mp-prFEm,https://data.gov.tw/dataset/33517,真資料,6,2,5488.0,,text,1,mp-prFEm,False
107年直轄市山地原住民區長政治獻金會計報告書(首次申報),政府開放資料平臺,,ZIP,4,OGDL-1.0,2022/5/5 上午 09:02:45,https://odportal.tw/dataset/mw8sWc8M,https://data.gov.tw/dataset/128950,二進位,4,2,,,zip,1,mw8sWc8M,False
原住民死亡人口數按性別、年齡及原住民身分分(按發生),政府開放資料平臺,,CSV,4,OGDL-1.0,2026/6/4 下午 03:14:23,https://odportal.tw/dataset/n9XR6dnB,https://data.gov.tw/dataset/127531,真資料,4,2,4299.0,,text,1,n9XR6dnB,False
原住民族經濟戶長目前投資情形依年齡,政府開放資料平臺,,CSV;JSON;XML,3,OGDL-1.0,2026/6/29 下午 08:38:53,https://odportal.tw/dataset/nF2tXyNK,https://data.gov.tw/dataset/145227,真資料,3,2,11.0,,json;text,1,nF2tXyNK,False
臺中市各區區公所原住民服務窗口聯絡電話,政府開放資料平臺;臺中市政府,臺中市政府原住民族事務委員會,CSV;JSON;XML,3,OGDL-1.0,2026/8/11 上午 10:28:17,https://odportal.tw/dataset/nLcmk8fy,https://opendata.taichung.gov.tw/search/d179f4e5-82f6-43da-8c35-9353b0be1eb0,真資料,3,2,29.0,,json;xml,2,nLcmk8fy;r39tptYQ,False
110年現住原住民人口數按性別、原住民身分及族別分,政府開放資料平臺,,CSV;JSON,10,OGDL-1.0,2025/8/19 下午 03:04:52,https://odportal.tw/dataset/nOhKcX04,https://data.gov.tw/dataset/136919,真資料,10,2,342.0,,json;text,1,nOhKcX04,False
原住民族經濟戶長平均每月收入狀況,政府開放資料平臺,,CSV;JSON;XML,3,OGDL-1.0,2026/4/5 下午 04:46:26,https://odportal.tw/dataset/nRUe-Ehx,https://data.gov.tw/dataset/91816,真資料,3,2,4.0,,json;text,1,nRUe-Ehx,False
113年內政部「殯葬設施量能提升計畫」補助原住民族地區內容,政府開放資料平臺,,CSV,1,OGDL-1.0,2025/12/19 下午 11:54:11,https://odportal.tw/dataset/naMvi7El,https://data.gov.tw/dataset/170706,真資料,1,1,12.0,,text,1,naMvi7El,False
原住民地區國民小學設立附設幼兒園之比率,政府開放資料平臺,,XLS,1,OGDL-1.0,2025/3/11 下午 03:59:11,https://odportal.tw/dataset/naTb3g_T,https://data.gov.tw/dataset/151066,二進位,1,1,,,xls,1,naTb3g_T,False
108年3月至108年12月法務部及所屬機關原住民人員進用情形表,政府開放資料平臺,,JSON,1,OGDL-1.0,2024/7/1 下午 04:44:07,https://odportal.tw/dataset/ndHbwtX1,https://data.gov.tw/dataset/132651,失效,1,1,,,json,1,ndHbwtX1,False
宜居建設計畫-提升部落居住環境品質核定明細-工程,政府開放資料平臺,,CSV;JSON;XML,3,OGDL-1.0,2026/4/3 上午 12:20:44,https://odportal.tw/dataset/nk7xpsRO,https://data.gov.tw/dataset/157647,真資料,3,2,89.0,,json;text,1,nk7xpsRO,False
原住民退除役官兵人數按年齡及性別分,政府開放資料平臺,,CSV,2,OGDL-1.0,2026/5/27 下午 02:50:11,https://odportal.tw/dataset/nlsgI0xF,https://data.gov.tw/dataset/172154,真資料,2,2,84.0,,text,1,nlsgI0xF,False
115年3月基隆市原住民人口按性別及年齡,政府開放資料平臺,,CSV,1,OGDL-1.0,2026/4/1 下午 04:07:51,https://odportal.tw/dataset/nwim_qrm,https://data.gov.tw/dataset/59130,真資料,1,1,98.0,,text,1,nwim_qrm,False
新北市政府原住民族進用統計表,政府開放資料平臺,,CSV,1,OGDL-1.0,2026/7/8 上午 12:00:33,https://odportal.tw/dataset/nxrQme2W,https://data.gov.tw/dataset/125862,真資料,1,1,2.0,,text,1,nxrQme2W,False
原住民族語言能力認證測驗之各縣市統計,政府開放資料平臺,,CSV;JSON;XML,3,OGDL-1.0,2026/4/5 下午 04:44:40,https://odportal.tw/dataset/o-XYTk1o,https://data.gov.tw/dataset/138813,真資料,3,2,357.0,,json;text,1,o-XYTk1o,False
全國原住民保留地總面積與總筆數表,政府開放資料平臺,,CSV;JSON;XML,3,OGDL-1.0,2026/4/5 下午 04:49:46,https://odportal.tw/dataset/o9fYWfsn,https://data.gov.tw/dataset/151559,真資料,3,2,65.0,,json;text,1,o9fYWfsn,False
原住民族勞動力,政府開放資料平臺,,CSV,1,OGDL-1.0,2025/11/27 下午 02:23:17,https://odportal.tw/dataset/oHS-eNqf,https://data.gov.tw/dataset/123307,真資料,1,1,19.0,,text,1,oHS-eNqf,False
原住民族經濟戶長平均儲蓄金額依年齡,政府開放資料平臺,,CSV;JSON;XML,3,OGDL-1.0,2026/4/5 下午 04:58:31,https://odportal.tw/dataset/oLaVM2kD,https://data.gov.tw/dataset/145220,真資料,3,2,11.0,,json;text,1,oLaVM2kD,False
原住民族十大死因統計,政府開放資料平臺,,CSV;JSON;XML,3,OGDL-1.0,2026/4/5 下午 04:48:46,https://odportal.tw/dataset/oM5ZPQdO,https://data.gov.tw/dataset/157715,真資料,3,2,190.0,,json;text,1,oM5ZPQdO,False
原住民族委員會單位決算表,政府開放資料平臺,,CSV;JSON;XML,3,OGDL-1.0,2026/4/5 下午 05:00:38,https://odportal.tw/dataset/oREZVZ7X,https://data.gov.tw/dataset/112719,連結殼,3,2,13.0,檔案pdf,json;text,1,oREZVZ7X,False
原住民族家庭消費支出按型態分,政府開放資料平臺,,CSV;JSON;XML,3,OGDL-1.0,2026/4/5 下午 04:50:36,https://odportal.tw/dataset/oVJx3I8n,https://data.gov.tw/dataset/93927,真資料,3,2,49.0,,json;text,1,oVJx3I8n,False
高雄市原民會原住民部落工場,高雄市政府,原民會,CSV;JSON,2,OGDL-1.0,2025/4/10 下午 03:47:13,https://odportal.tw/dataset/ogkL7jkg,https://data.kcg.gov.tw/DataSet/Detail/a124754e-1603-41f1-bc5b-0c43ef6ec28c,真資料,2,2,22.0,,json;text,1,ogkL7jkg,False
原住民族就業者工作地區-按行業及職業分,政府開放資料平臺,,CSV;JSON;XML,3,OGDL-1.0,2026/4/5 下午 05:15:06,https://odportal.tw/dataset/oiXpqyMn,https://data.gov.tw/dataset/161528,真資料,3,2,263.0,,json;text,1,oiXpqyMn,False
原住民部落文化健康站,政府開放資料平臺,,CSV,1,OGDL-1.0,2022/11/8 下午 10:36:11,https://odportal.tw/dataset/oldlfv24,https://data.gov.tw/dataset/159524,連結殼,1,1,3.0,相關網址,text,1,oldlfv24,False
原住民族失業者求職找工作管道-按地區別分,政府開放資料平臺,,CSV;JSON;XML,3,OGDL-1.0,2026/4/5 下午 05:13:23,https://odportal.tw/dataset/ophcPnhy,https://data.gov.tw/dataset/166804,真資料,3,2,328.0,,json;text,1,ophcPnhy,False
全國原住民保留地原住民權利統計表,政府開放資料平臺,,CSV;JSON;XML,3,OGDL-1.0,2026/4/5 下午 04:55:59,https://odportal.tw/dataset/otN3ohRF,https://data.gov.tw/dataset/170604,真資料,3,2,416.0,,json;text,1,otN3ohRF,False
原住民族部落聯絡道路改善情形,政府開放資料平臺,,CSV;JSON;XML,3,OGDL-1.0,2026/4/5 下午 05:10:34,https://odportal.tw/dataset/ow-CS_86,https://data.gov.tw/dataset/157723,真資料,3,2,8.0,,json;text,1,ow-CS_86,False
原住民族文化元素與部落資源運用情形-按組織別,政府開放資料平臺,,CSV;JSON;XML,3,OGDL-1.0,2026/4/5 下午 05:12:24,https://odportal.tw/dataset/oyE6AQyr,https://data.gov.tw/dataset/174311,真資料,3,2,6.0,,json;text,1,oyE6AQyr,False
臺北市原住民人口數按民族別分,臺北市政府,民政局,CSV,1,,2026/8/4 下午 05:25:34,https://odportal.tw/dataset/p7KT9oLZ,https://data.taipei/dataset/detail?id=4be3e59f-ad27-4088-93a4-43fba7fbfb22,網址無效,1,2,,,,1,p7KT9oLZ,False
退除役官兵人數按原住民身分統計,政府開放資料平臺,,CSV,1,OGDL-1.0,2026/1/30 下午 04:55:19,https://odportal.tw/dataset/pFHsMDmn,https://data.gov.tw/dataset/165019,真資料,1,1,90.0,,text,1,pFHsMDmn,False
現住原住民教育程度(102年後)-年 依 期間，年齡層， 男/女，平地/山地 與 項目,政府開放資料平臺,,CSV,1,OGDL-1.0,2026/7/4 上午 01:02:46,https://odportal.tw/dataset/pG43rCN1,https://data.gov.tw/dataset/129176,失效,1,1,,,,1,pG43rCN1,False
原住民就業者從事的行業,政府開放資料平臺,,CSV;JSON;XML,3,OGDL-1.0,2026/4/5 下午 04:59:27,https://odportal.tw/dataset/pJfOJFbT,https://data.gov.tw/dataset/91822,真資料,3,2,21.0,,json;text,1,pJfOJFbT,False
114年公務人員特種考試原住民族考試(第二試),政府開放資料平臺,,ZIP,1,OGDL-1.0,2025/11/28 下午 02:44:37,https://odportal.tw/dataset/pNGOKyDW,https://data.gov.tw/dataset/175834,二進位,1,1,,,zip,1,pNGOKyDW,False
原住民族就失業情形-按人口特性分,政府開放資料平臺,,CSV;JSON;XML,3,OGDL-1.0,2026/4/5 下午 05:08:29,https://odportal.tw/dataset/pTlk7_3i,https://data.gov.tw/dataset/161525,真資料,3,2,322.0,,json;text,1,pTlk7_3i,False
澎湖縣馬公市106年各里現住人口數按性別及原住民身分分,政府開放資料平臺,,CSV;JSON;XML,3,OGDL-1.0,2026/8/7 下午 04:22:23,https://odportal.tw/dataset/pXHNv-Yv,https://data.gov.tw/dataset/113375,失效,3,2,,,,1,pXHNv-Yv,False
原住民族經濟戶長平均投資金額－依年齡、教育程度分,政府開放資料平臺,,CSV;JSON;XML,3,OGDL-1.0,2026/4/5 下午 04:46:33,https://odportal.tw/dataset/pYt3JdEo,https://data.gov.tw/dataset/91676,真資料,3,2,11.0,,json;text,1,pYt3JdEo,False
各里現住原住民人口數按性別、年齡及原住民身分分,臺南市政府,臺南市政府民政局,CSV;JSON,14,OGDL-1.0,2026/5/4 上午 10:51:51,https://odportal.tw/dataset/p_K5uhJo,https://data.tainan.gov.tw/DataSet/Detail/6daa65cf-3f47-424a-898c-57aaf9eae823,真資料,14,2,964.0,,html;text,1,p_K5uhJo,False
110年原住民族考試(第二試),政府開放資料平臺,,ZIP,1,OGDL-1.0,2023/12/27 下午 04:15:10,https://odportal.tw/dataset/pbj2DMkP,https://data.gov.tw/dataset/164783,二進位,1,1,,,zip,1,pbj2DMkP,False
統計區原住民人口指標,政府開放資料平臺,,XML,44,OGDL-1.0,2026/5/26 下午 04:12:22,https://odportal.tw/dataset/pi1nWNNF,https://data.gov.tw/dataset/18650,真資料,44,2,848.0,,xml,1,pi1nWNNF,False
高雄市原民會族語學習教室,政府開放資料平臺,,CSV;JSON,2,OGDL-1.0,2025/6/30 下午 02:27:01,https://odportal.tw/dataset/pzQc_x08,https://data.gov.tw/dataset/46833,真資料,2,2,10.0,,json;text,1,pzQc_x08,False
原住民族就業者從業身分-按地區別分,政府開放資料平臺,,CSV;JSON;XML,3,OGDL-1.0,2026/4/5 下午 05:13:42,https://odportal.tw/dataset/q5A2BcWa,https://data.gov.tw/dataset/161547,真資料,3,2,328.0,,json;text,1,q5A2BcWa,False
統計區原住民15歲以上人口十歲年齡組與性別與教育程度人口統計,政府開放資料平臺,,XML,44,OGDL-1.0,2026/7/1 上午 11:40:14,https://odportal.tw/dataset/q9pI3FLP,https://data.gov.tw/dataset/18672,真資料,44,2,123.0,,xml,1,q9pI3FLP,False
原住民族易成孤島地區清冊,政府開放資料平臺,,CSV;JSON;XML,3,OGDL-1.0,2026/3/2 下午 02:16:24,https://odportal.tw/dataset/q9pzCiDD,https://data.gov.tw/dataset/170259,真資料,3,2,195.0,,json;text,1,q9pzCiDD,False
推動原住民族多元產業發展2.0計畫-部落產業升級-先期計畫核定名單,政府開放資料平臺,,CSV;JSON;XML,3,OGDL-1.0,2026/4/5 下午 04:54:58,https://odportal.tw/dataset/qISCLMj2,https://data.gov.tw/dataset/156629,真資料,3,2,37.0,,json;text,1,qISCLMj2,False
台閩原住民族人口-按性別,政府開放資料平臺,,CSV;JSON;XML,3,OGDL-1.0,2026/5/21 下午 03:59:25,https://odportal.tw/dataset/qI_NOw9g,https://data.gov.tw/dataset/145938,真資料,3,2,104.0,,json;text,1,qI_NOw9g,False
臺灣原住民族地方文化館,政府開放資料平臺,,CSV;JSON;XML,3,OGDL-1.0,2026/4/5 下午 04:56:06,https://odportal.tw/dataset/qThoaAjw,https://data.gov.tw/dataset/164242,連結殼,3,2,28.0,網址,json;text,1,qThoaAjw,False
原住民族委員會單位預算會計月報,政府開放資料平臺,,CSV;JSON;XML,3,OGDL-1.0,2026/4/5 下午 05:16:27,https://odportal.tw/dataset/qer1YB2R,https://data.gov.tw/dataset/119900,連結殼,3,2,124.0,檔案下載PDF;檔案下載XML,json;text,1,qer1YB2R,False
原住民族地區觀光活動一覽表,政府開放資料平臺,,CSV;JSON;XML,3,OGDL-1.0,2026/4/5 下午 04:54:50,https://odportal.tw/dataset/qkv6fPmP,https://data.gov.tw/dataset/161514,真資料,3,2,46.0,,json;text,1,qkv6fPmP,False
臺北市都市原住民家庭租屋補貼,政府開放資料平臺,,CSV,1,OGDL-1.0,2025/12/12 下午 03:35:28,https://odportal.tw/dataset/qoSPtIEJ,https://data.gov.tw/dataset/134701,真資料,1,1,9.0,,text,1,qoSPtIEJ,False
108年現住人口數按性別及原住民身分分,政府開放資料平臺,,CSV;JSON,12,OGDL-1.0,2025/6/10 上午 10:57:53,https://odportal.tw/dataset/qqYOh5BN,https://data.gov.tw/dataset/85868,真資料,12,2,114.0,,json;text,1,qqYOh5BN,False
現住原住民婚姻狀況(88-91年)-年 依 期間， 鄉鎮市，平地/山地 與 項目,政府開放資料平臺,,CSV,1,OGDL-1.0,2026/7/18 上午 01:03:01,https://odportal.tw/dataset/qsXsQ0gK,https://data.gov.tw/dataset/129399,失效,1,1,,,,1,qsXsQ0gK,False
臺北市原住民兒童及少年課後照顧關懷據點,政府開放資料平臺,,CSV,1,OGDL-1.0,2026/6/17 上午 11:57:20,https://odportal.tw/dataset/r-GYuNMX,https://data.gov.tw/dataset/134648,真資料,1,1,5.0,,text,1,r-GYuNMX,False
現住人口數按性別及原住民身分分,政府開放資料平臺,,API;CSV;JSON,51,OGDL-1.0,2025/12/25 上午 09:06:12,https://odportal.tw/dataset/r5wRe_ES,https://data.gov.tw/dataset/32974,真資料,51,2,3787.0,,text,1,r5wRe_ES,False
臺北市原住民兒童及少年課後照顧關懷據點,臺北市政府,原民會,CSV,1,,2026/6/17 上午 11:57:19,https://odportal.tw/dataset/rECRscWU,https://data.taipei/dataset/detail?id=b0f6620f-f965-4863-bcbb-7d0ce509a5a0,網址無效,1,1,,,,1,rECRscWU,False
109年臺東縣原住民文化健康站,政府開放資料平臺,,CSV,1,OGDL-1.0,2025/5/20 上午 11:08:13,https://odportal.tw/dataset/rYR_zsMK,https://data.gov.tw/dataset/165791,真資料,1,1,71.0,,text,1,rYR_zsMK,False
原住民族土地或部落範圍土地調查及劃設計畫核定補助單位,政府開放資料平臺,,CSV;JSON;XML,3,OGDL-1.0,2026/4/5 下午 04:56:33,https://odportal.tw/dataset/rYk8ZNdl,https://data.gov.tw/dataset/164360,真資料,3,2,116.0,,json;text,1,rYk8ZNdl,False
現住原住民族戶口數(民國100年以前),政府開放資料平臺,,CSV,1,OGDL-1.0,2025/6/26 上午 09:04:32,https://odportal.tw/dataset/riUGuxcd,https://data.gov.tw/dataset/123497,真資料,1,1,10.0,,text,1,riUGuxcd,False
原住民族經濟戶長平均每月收入依族別,政府開放資料平臺,,CSV;JSON;XML,3,OGDL-1.0,2026/4/5 下午 04:50:29,https://odportal.tw/dataset/roEzfHE6,https://data.gov.tw/dataset/145240,真資料,3,2,16.0,,json;text,1,roEzfHE6,False
原住民、身心障礙者就業服務之有效求職推介就業人數-按性別分,政府開放資料平臺,,CSV;JSON;WEBSERVICES;XML,4,OGDL-1.0,2026/6/16 上午 10:30:46,https://odportal.tw/dataset/rrFtGUPQ,https://data.gov.tw/dataset/146536,真資料,4,2,20.0,,text,1,rrFtGUPQ,False
原住民族委員會原住民族文化發展中心單位決算書,政府開放資料平臺,,CSV;JSON;XML,3,OGDL-1.0,2026/4/5 下午 05:03:04,https://odportal.tw/dataset/rrunZ3NU,https://data.gov.tw/dataset/158770,連結殼,3,2,12.0,網址,json;text,1,rrunZ3NU,False
108年現住原住民人口數按性別、原住民身分及族別分,臺南市政府,臺南市政府民政局,CSV;JSON,24,OGDL-1.0,2026/5/4 上午 10:55:13,https://odportal.tw/dataset/ryi7WXvE,https://data.tainan.gov.tw/DataSet/Detail/6705c486-b4b5-4e3e-a939-3841bafbf14d,真資料,24,2,342.0,,html;text,1,ryi7WXvE,False
台閩原住民族人口-按族別,政府開放資料平臺,,CSV;JSON;XML,3,OGDL-1.0,2026/5/21 下午 03:59:39,https://odportal.tw/dataset/ryjjo_jO,https://data.gov.tw/dataset/145937,真資料,3,2,884.0,,json;text,1,ryjjo_jO,False
原住民族福利,政府開放資料平臺,,CSV,1,OGDL-1.0,2025/11/27 下午 02:31:17,https://odportal.tw/dataset/rzK05AJo,https://data.gov.tw/dataset/123581,真資料,1,1,19.0,,text,1,rzK05AJo,False
全國原住民保留地使用情形,政府開放資料平臺,,CSV;JSON;XML,3,OGDL-1.0,2026/4/5 下午 05:13:09,https://odportal.tw/dataset/s48I-1Ow,https://data.gov.tw/dataset/170589,真資料,3,2,325.0,,json;text,1,s48I-1Ow,False
113年現住人口數按性別及原住民身分分,政府開放資料平臺,,CSV;JSON,24,OGDL-1.0,2025/6/10 上午 11:36:47,https://odportal.tw/dataset/s9k8Rfqc,https://data.gov.tw/dataset/172997,真資料,24,2,114.0,,json,1,s9k8Rfqc,False
原住民族文學及出版品,政府開放資料平臺,,CSV;JSON;XML,3,OGDL-1.0,2026/4/5 下午 05:11:28,https://odportal.tw/dataset/sCSEfA4n,https://data.gov.tw/dataset/156621,真資料,3,2,73.0,,json;text,1,sCSEfA4n,False
高雄市原住民戶數,政府開放資料平臺,,JSON,1,OGDL-1.0,2025/6/30 下午 09:45:53,https://odportal.tw/dataset/sI1QNigq,https://data.gov.tw/dataset/155835,真資料,1,1,14.0,,json,1,sI1QNigq,False
澎湖縣西嶼鄉原住民人口年齡層統計(113年起),政府開放資料平臺,,CSV;JSON;XML,3,OGDL-1.0,2026/8/7 下午 04:29:48,https://odportal.tw/dataset/sUj8UEJ8,https://data.gov.tw/dataset/178267,失效,3,2,,,,1,sUj8UEJ8,False
高雄市原住民就業服務站求職登記人數,政府開放資料平臺,,JSON,1,OGDL-1.0,2025/9/5 下午 04:34:44,https://odportal.tw/dataset/sV0KoJqn,https://data.gov.tw/dataset/104323,真資料,1,1,12.0,,json,1,sV0KoJqn,False
原住民族16族語方言之分布參考表,政府開放資料平臺,,CSV;JSON;XML,3,OGDL-1.0,2026/5/26 下午 03:39:20,https://odportal.tw/dataset/scV_jGpy,https://data.gov.tw/dataset/164237,真資料,3,2,133.0,,json;text,1,scV_jGpy,False
原住民族就業者的第一份工作的職業-按地區別分,政府開放資料平臺,,CSV;JSON;XML,3,OGDL-1.0,2026/4/5 下午 05:15:13,https://odportal.tw/dataset/skEsUnVf,https://data.gov.tw/dataset/161538,真資料,3,2,320.0,,json;text,1,skEsUnVf,False
原住民民族別認定辦法第9條第3項-新民族別之原屬民族別體系表,政府開放資料平臺,,CSV;JSON;XML,3,OGDL-1.0,2026/4/5 下午 04:52:24,https://odportal.tw/dataset/svTLQey3,https://data.gov.tw/dataset/112705,真資料,3,2,7.0,,json;text,1,svTLQey3,False
臺灣原住民青年雜誌,政府開放資料平臺,,CSV;JSON;XML,3,OGDL-1.0,2026/4/5 下午 04:44:33,https://odportal.tw/dataset/t9trMKfO,https://data.gov.tw/dataset/151905,真資料,3,2,11.0,,json;text,1,t9trMKfO,False
國民小學原住民學生及畢業生人數—按年級別與校別分,政府開放資料平臺,,CSV;JSON,6,OGDL-1.0,2026/5/7 上午 09:28:44,https://odportal.tw/dataset/tCF3qKbU,https://data.gov.tw/dataset/33511,真資料,6,2,5680.0,,text,1,tCF3qKbU,False
澎湖縣馬公市109年各里現住人口數按性別及原住民身分分,政府開放資料平臺;澎湖縣政府,馬公戶政事務所,CSV;JSON;XML,3,OGDL-1.0,2026/7/3 上午 12:02:22,https://odportal.tw/dataset/xBalq0CP,http://opendata.penghu.gov.tw/dataset/utq6001-2020-02-10-1581319209,真資料,3,2,1224.0,,json;text,2,tGR71UpX;xBalq0CP,False
110年現住原住民人口數按性別、原住民身分及族別分,臺南市政府,臺南市政府民政局,CSV;JSON,24,OGDL-1.0,2026/5/4 上午 10:51:51,https://odportal.tw/dataset/tJYY-MJj,https://data.tainan.gov.tw/DataSet/Detail/ee28bcb2-146b-46e6-92a0-4a240c43117b,真資料,24,2,342.0,,html;text,1,tJYY-MJj,False
國民年金原住民族給付總發放人數發放金額及受益比統計表依縣市別統計,政府開放資料平臺,,CSV;JSON;XML,3,OGDL-1.0,2026/4/5 下午 04:52:57,https://odportal.tw/dataset/tMNIUTwG,https://data.gov.tw/dataset/166823,真資料,3,2,66.0,,json;text,1,tMNIUTwG,False
偏遠與原住民族地區家用桶裝瓦斯差價補助金額,政府開放資料平臺,,CSV,1,OGDL-1.0,2025/9/17 上午 11:21:26,https://odportal.tw/dataset/tRlurc0U,https://data.gov.tw/dataset/16410,真資料,1,1,751.0,,text,1,tRlurc0U,False
原住民族委員會資料開放諮詢小組委員名單,政府開放資料平臺,,CSV;JSON;XML,3,OGDL-1.0,2026/5/21 下午 04:15:14,https://odportal.tw/dataset/tTyFLN2l,https://data.gov.tw/dataset/112683,真資料,3,2,153.0,,json;text,1,tTyFLN2l,False
十五歲以上現住原住民族人口之教育程度─按年齡別分,政府開放資料平臺,,CSV,1,OGDL-1.0,2025/12/8 下午 01:52:04,https://odportal.tw/dataset/tZRIGYkR,https://data.gov.tw/dataset/124714,真資料,1,1,1224.0,,text,1,tZRIGYkR,False
110年現住人口數按性別及原住民身分分,臺南市政府,臺南市政府民政局,CSV;JSON,24,OGDL-1.0,2026/5/4 上午 10:51:51,https://odportal.tw/dataset/tmTtkx0E,https://data.tainan.gov.tw/DataSet/Detail/650580ee-3fcc-4dfa-a0bf-5cae757dfa55,真資料,24,2,114.0,,html;text,1,tmTtkx0E,False
111年公務人員特種考試外交領事人員及外交行政人員考試、國際經濟商務人員考試、民航人員考試、原住民族考試,政府開放資料平臺,,ZIP,1,OGDL-1.0,2023/12/18 上午 09:24:19,https://odportal.tw/dataset/uBmrVeO5,https://data.gov.tw/dataset/166752,二進位,1,1,,,zip,1,uBmrVeO5,False
國民年金老年基本保證年金及原住民給付每月核定案件及給付金額統計資料,政府開放資料平臺,,CSV;JSON;WEBSERVICES;XML,4,OGDL-1.0,2026/7/7 下午 03:38:39,https://odportal.tw/dataset/uDJo_imK,https://data.gov.tw/dataset/13347,真資料,4,2,38.0,,text;xml,1,uDJo_imK,False
新北市政府原住民族進用統計表,新北市政府,新北市政府人事處/人力科,CSV,1,OGDL-1.0,2026/7/27 上午 11:01:02,https://odportal.tw/dataset/uHVwgcd8,https://data.ntpc.gov.tw/datasets/db43c96b-ee5d-45cb-8f79-49a4bc4967e3,HTML殼,1,1,,,html,1,uHVwgcd8,False
107年外交、國際經濟商務及民航人員考試(第一試)、原住民族考試,政府開放資料平臺,,ZIP,1,OGDL-1.0,2023/12/22 下午 04:32:02,https://odportal.tw/dataset/uJ9VyWKP,https://data.gov.tw/dataset/164834,二進位,1,1,,,zip,1,uJ9VyWKP,False
臺北市原住民與新住民子女學生占學生總數比率,臺北市政府,教育局,CSV,1,,2026/6/18 上午 09:47:16,https://odportal.tw/dataset/uLQOv_Mw,https://data.taipei/dataset/detail?id=9fa3699b-8766-47ad-81fc-7ca8063039de,網址無效,1,1,,,,1,uLQOv_Mw,False
原住民就業者的從業身分,政府開放資料平臺,,CSV;JSON;XML,3,OGDL-1.0,2026/3/6 上午 07:03:02,https://odportal.tw/dataset/uNZ-1hFn,https://data.gov.tw/dataset/161544,真資料,3,2,8.0,,json;text,1,uNZ-1hFn,False
原住民族人口統計-依六階段年齡,政府開放資料平臺,,CSV;JSON;XML,3,OGDL-1.0,2026/5/21 下午 03:59:54,https://odportal.tw/dataset/uO5h2m4Z,https://data.gov.tw/dataset/176022,真資料,3,2,6.0,,json;text,1,uO5h2m4Z,False
現住原住民婚姻狀況(92年後)-年 依 期間，年齡層， 平地/山地，婚姻 與 男/女,政府開放資料平臺,,CSV,1,OGDL-1.0,2026/7/4 上午 01:02:47,https://odportal.tw/dataset/uOQO8Oob,https://data.gov.tw/dataset/130092,失效,1,1,,,,1,uOQO8Oob,False
原住民族教育調查統計之歷年高級中等學校一年級族語能力比較,政府開放資料平臺,,CSV;JSON;XML,3,OGDL-1.0,2026/4/5 下午 05:07:32,https://odportal.tw/dataset/uPHWbPD7,https://data.gov.tw/dataset/170577,真資料,3,2,89.0,,json;text,1,uPHWbPD7,False
高雄市原住民進用情形,高雄市政府,人事處,CSV;JSON,4,OGDL-1.0,2026/7/15 下午 12:37:53,https://odportal.tw/dataset/uQdDZooL,https://data.kcg.gov.tw/DataSet/Detail/581b1faf-ee3a-4793-800d-2d39ad7592b8,真資料,4,2,24.0,,json;text,1,uQdDZooL,False
原住民族進用統計表,政府開放資料平臺,,CSV;JSON,3,OGDL-1.0,2025/12/26 上午 09:26:36,https://odportal.tw/dataset/uhydyK8E,https://data.gov.tw/dataset/139186,真資料,3,2,3.0,,json,1,uhydyK8E,False
臺灣原住民族圖書資訊中心電子報目錄,政府開放資料平臺,,CSV;JSON;XML,3,OGDL-1.0,2026/4/5 下午 05:11:33,https://odportal.tw/dataset/um2N_pRD,https://data.gov.tw/dataset/137773,真資料,3,2,229.0,,json;text,1,um2N_pRD,False
原住民族家庭住宅自有情形,政府開放資料平臺,,CSV;JSON;XML,3,OGDL-1.0,2026/4/5 下午 05:00:17,https://odportal.tw/dataset/utyoBEve,https://data.gov.tw/dataset/145187,真資料,3,2,54.0,,json;text,1,utyoBEve,False
統計區原住民15歲以上人口十歲年齡組與性別與婚姻狀況人口統計,政府開放資料平臺,,XML,22,OGDL-1.0,2026/5/26 下午 04:37:07,https://odportal.tw/dataset/v6aqipor,https://data.gov.tw/dataset/18678,真資料,22,2,121.0,,xml,1,v6aqipor,False
109年臺東縣原住民族家庭服務中心,政府開放資料平臺,,CSV,1,OGDL-1.0,2025/5/20 上午 11:06:35,https://odportal.tw/dataset/vE0nfHPZ,https://data.gov.tw/dataset/165762,真資料,1,1,16.0,,text,1,vE0nfHPZ,False
補辦增劃編原住民保留地清冊統計表,政府開放資料平臺,,CSV;JSON;XML,3,OGDL-1.0,2026/4/5 下午 04:49:55,https://odportal.tw/dataset/vMV_r4XC,https://data.gov.tw/dataset/145150,真資料,3,2,74.0,,json;text,1,vMV_r4XC,False
10411-01-42-2 臺中市高級中等學校原住民學生數-進修部(學校),政府開放資料平臺;臺中市政府,臺中市政府教育局,CSV;JSON;XML,21,OGDL-1.0,2026/8/11 上午 12:40:31,https://odportal.tw/dataset/vh_8Sdwi,https://opendata.taichung.gov.tw/search/57fe24eb-96e3-4d6a-ba02-b2f2b49dccae,真資料,21,3,170.0,,json,2,vh_8Sdwi;wlj03GYg,True
原住民族語言能力認證測驗之各方言別統計,政府開放資料平臺,,CSV;JSON;XML,3,OGDL-1.0,2026/4/5 下午 04:44:54,https://odportal.tw/dataset/vpwnRUM_,https://data.gov.tw/dataset/138814,真資料,3,2,714.0,,json;text,1,vpwnRUM_,False
原住民族企業科技應用需求項目-按統計區域分,政府開放資料平臺,,CSV;JSON;XML,3,OGDL-1.0,2026/4/5 下午 05:06:27,https://odportal.tw/dataset/vr2OQGId,https://data.gov.tw/dataset/174314,真資料,3,2,65.0,,json;text,1,vr2OQGId,False
臺北市原住民學生專門人才獎勵情形,政府開放資料平臺,,CSV,1,OGDL-1.0,2026/6/17 上午 11:57:23,https://odportal.tw/dataset/vu1tZXGQ,https://data.gov.tw/dataset/134706,真資料,1,1,9.0,,text,1,vu1tZXGQ,False
原住民族語言能力認證測驗之各族語別統計,政府開放資料平臺,,CSV;JSON;XML,3,OGDL-1.0,2026/4/5 下午 04:44:46,https://odportal.tw/dataset/vwSZwjRJ,https://data.gov.tw/dataset/138815,真資料,3,2,160.0,,json;text,1,vwSZwjRJ,False
高雄市原住民人口數統計,政府開放資料平臺,,JSON,1,OGDL-1.0,2025/5/23 下午 07:12:13,https://odportal.tw/dataset/vwsNDX7c,https://data.gov.tw/dataset/157263,真資料,1,1,1572.0,,json,1,vwsNDX7c,False
原住民族委員會原住民族文化發展中心藝文活動含參加人數,政府開放資料平臺,,CSV;JSON;XML,3,OGDL-1.0,2026/4/3 上午 01:03:22,https://odportal.tw/dataset/w-ZrLNi9,https://data.gov.tw/dataset/151582,真資料,3,2,57.0,,json;text,1,w-ZrLNi9,False
原住民族獎補助專區,政府開放資料平臺,,JSON,1,OGDL-1.0,2026/7/1 下午 11:38:44,https://odportal.tw/dataset/w1wFxSZp,https://data.gov.tw/dataset/55643,失效,1,1,,,json,1,w1wFxSZp,False
原住民族族語認證測驗各身分性別通過人數統計,政府開放資料平臺,,CSV;JSON;XML,3,OGDL-1.0,2026/4/5 下午 04:51:25,https://odportal.tw/dataset/w2Y2HO1W,https://data.gov.tw/dataset/145163,真資料,3,2,68.0,,json;text,1,w2Y2HO1W,False
臺北市國民中、小學原住民學生中途輟學概況,臺北市政府,主計處,CSV,1,,2026/3/15 上午 11:45:18,https://odportal.tw/dataset/wHYH7N20,https://data.taipei/dataset/detail?id=0658815d-c40f-4e6d-90ce-b71d84dce1d6,網址無效,1,1,,,,1,wHYH7N20,False
宜居建設計畫-強化部落安全防(減)災機能核定表,政府開放資料平臺,,CSV;JSON;XML,3,OGDL-1.0,2026/4/5 下午 05:10:40,https://odportal.tw/dataset/wYdJYy-g,https://data.gov.tw/dataset/157724,真資料,3,2,112.0,,json;text,1,wYdJYy-g,False
原住民族傳統智慧創作專用權登記總表,政府開放資料平臺,,CSV;JSON;XML,3,OGDL-1.0,2026/4/5 下午 04:51:05,https://odportal.tw/dataset/weU0BXoi,https://data.gov.tw/dataset/137779,真資料,3,2,95.0,,json;text,1,weU0BXoi,False
113年現住人口數按性別及原住民身分分,臺南市政府,臺南市政府民政局,CSV;JSON,24,OGDL-1.0,2026/5/4 上午 10:51:51,https://odportal.tw/dataset/xBJ7vWbM,https://data.tainan.gov.tw/DataSet/Detail/1d5e8f7f-9817-41ea-9c9e-d7dbf573cab8,真資料,24,2,114.0,,html;text,1,xBJ7vWbM,False
統計區原住民15歲以上人口十歲年齡組婚姻狀況人口統計,政府開放資料平臺,,XML,44,OGDL-1.0,2026/6/24 上午 10:58:03,https://odportal.tw/dataset/xDfeCVqE,https://data.gov.tw/dataset/18676,真資料,44,2,250.0,,xml,1,xDfeCVqE,False
原住民保留地筆數及面積,政府開放資料平臺,,CSV;JSON;XML,3,OGDL-1.0,2026/4/5 下午 04:50:54,https://odportal.tw/dataset/xF7ZLYpb,https://data.gov.tw/dataset/112682,真資料,3,2,39.0,,json;text,1,xF7ZLYpb,False
111年直轄市山地原住民區長選舉政治獻金會計報告書(首次申報),政府開放資料平臺,,ZIP,3,OGDL-1.0,2023/7/27 下午 03:53:05,https://odportal.tw/dataset/xIcF2sGa,https://data.gov.tw/dataset/164267,二進位,3,2,,,zip,1,xIcF2sGa,False
114年現住原住民人口數按性別、原住民身分及族別分,臺南市政府,臺南市政府民政局,CSV;JSON,16,OGDL-1.0,2026/5/4 上午 10:51:51,https://odportal.tw/dataset/xZlajJOq,https://data.tainan.gov.tw/DataSet/Detail/654a47df-ff5d-4e83-be57-4b8bb21e06c3,真資料,16,2,114.0,,html;text,1,xZlajJOq,False
現住原住民戶口數,政府開放資料平臺,,CSV,1,OGDL-1.0,2026/7/4 上午 01:02:43,https://odportal.tw/dataset/xaTIyYBQ,https://data.gov.tw/dataset/128976,失效,1,1,,,,1,xaTIyYBQ,False
臺北市原住民身心障礙者致殘成因,政府開放資料平臺,,CSV,1,OGDL-1.0,2025/12/12 下午 03:38:56,https://odportal.tw/dataset/xemseGrv,https://data.gov.tw/dataset/135769,真資料,1,1,5.0,,text,1,xemseGrv,False
115年澎湖縣馬公市各里 現住人口數按性別及原住民身分分,澎湖縣政府,馬公戶政事務所,CSV;JSON;XML,3,UNKNOWN,2026/7/7 上午 03:10:07,https://odportal.tw/dataset/xr9QkORF,http://opendata.penghu.gov.tw/dataset/376561501a-2026-02-06-1770359788,真資料,3,2,612.0,,json;text,1,xr9QkORF,False
臺北市政府依法進用原住民概況,臺北市政府,人事處,CSV;ODS,1,,2026/6/24 下午 03:07:11,https://odportal.tw/dataset/xt1sRIc1,https://data.taipei/dataset/detail?id=ecc66d52-f1fa-48c7-8a17-69e54baa86ac,網址無效,1,3,,,,1,xt1sRIc1,False
原住民族委員會原住民族文化發展中心駐村藝術家,政府開放資料平臺,,CSV;JSON;XML,3,OGDL-1.0,2026/4/5 下午 04:55:11,https://odportal.tw/dataset/xt83lTfD,https://data.gov.tw/dataset/137790,真資料,3,2,11.0,,json;text,1,xt83lTfD,False
臺北市原住民及新住民按月別,政府開放資料平臺,,CSV,1,OGDL-1.0,2026/7/20 上午 11:56:37,https://odportal.tw/dataset/y--e8tKX,https://data.gov.tw/dataset/131824,真資料,1,1,340.0,,text,1,y--e8tKX,False
臺北市原住民長青學苑據點,政府開放資料平臺,,CSV,1,OGDL-1.0,2026/2/11 上午 10:59:39,https://odportal.tw/dataset/yi0mL_aR,https://data.gov.tw/dataset/134634,真資料,1,1,5.0,,text,1,yi0mL_aR,False
臺北市原住民急難救助統計,政府開放資料平臺,,CSV,1,OGDL-1.0,2026/6/17 上午 11:57:22,https://odportal.tw/dataset/yxm0fATI,https://data.gov.tw/dataset/134656,真資料,1,1,10.0,,text,1,yxm0fATI,False
臺南市原住民社團名冊,政府開放資料平臺,,CSV;JSON,4,OGDL-1.0,2025/12/12 下午 04:44:48,https://odportal.tw/dataset/zDII_SM6,https://data.gov.tw/dataset/135074,真資料,4,2,30.0,,json;text,1,zDII_SM6,False
高雄市原住民族別統計,高雄市政府,民政局,,0,OGDL-1.0,2025/5/20 下午 02:36:53,https://odportal.tw/dataset/zJXvlvGg,https://data.kcg.gov.tw/DataSet/Detail/1f6739e0-60e4-485b-8d4a-bd486ce49638,無資源,0,0,,,,1,zJXvlvGg,False
109年原住民族考試(第二試),政府開放資料平臺,,ZIP,1,OGDL-1.0,2023/12/21 上午 10:37:10,https://odportal.tw/dataset/zO3eYNes,https://data.gov.tw/dataset/164796,二進位,1,1,,,zip,1,zO3eYNes,False
臺北市中等學校及國小原住民學生數,政府開放資料平臺,,CSV,1,OGDL-1.0,2026/4/28 下午 01:57:46,https://odportal.tw/dataset/zdMXJSne,https://data.gov.tw/dataset/131267,真資料,1,1,156.0,,text,1,zdMXJSne,False
臺北市原住民身心障礙者之年齡分配,臺北市政府,社會局,CSV,1,,2025/6/26 上午 11:58:51,https://odportal.tw/dataset/zj2soZsC,https://data.taipei/dataset/detail?id=ee545f18-0de1-46ae-a289-7e8b4d788551,網址無效,1,1,,,,1,zj2soZsC,False
